[{"fields": {"model": "logentry", "app_label": "admin"}, "model": "contenttypes.contenttype", "pk": 71}, {"fields": {"model": "permission", "app_label": "auth"}, "model": "contenttypes.contenttype", "pk": 72}, {"fields": {"model": "group", "app_label": "auth"}, "model": "contenttypes.contenttype", "pk": 73}, {"fields": {"model": "user", "app_label": "auth"}, "model": "contenttypes.contenttype", "pk": 74}, {"fields": {"model": "contenttype", "app_label": "contenttypes"}, "model": "contenttypes.contenttype", "pk": 75}, {"fields": {"model": "session", "app_label": "sessions"}, "model": "contenttypes.contenttype", "pk": 76}, {"fields": {"model": "repeat", "app_label": "main"}, "model": "contenttypes.contenttype", "pk": 77}, {"fields": {"model": "schedule", "app_label": "main"}, "model": "contenttypes.contenttype", "pk": 78}, {"fields": {"model": "task", "app_label": "main"}, "model": "contenttypes.contenttype", "pk": 79}, {"fields": {"model": "status", "app_label": "main"}, "model": "contenttypes.contenttype", "pk": 80}, {"fields": {"expire_date": "2015-05-07T16:54:09.802Z", "session_data": "MjU5M2QzYzI0MDQ2MDQ1MWU2ODQ5MDMzMjU1ZjI5NmQ1YzFiYmE0NDp7Il9hdXRoX3VzZXJfaGFzaCI6ImVlYTFjZDUwMjYyNTNiZmIxMDE4ZTM4ZWYxNzQwMTM0ZDhkNTFmMzgiLCJfYXV0aF91c2VyX2JhY2tlbmQiOiJkamFuZ28uY29udHJpYi5hdXRoLmJhY2tlbmRzLk1vZGVsQmFja2VuZCIsIl9hdXRoX3VzZXJfaWQiOiI1In0="}, "model": "sessions.session", "pk": "ldecjzey4xm2e0ggz1pvkc3owe1517ml"}, {"fields": {"week": 1, "month": -1, "year": -1, "name": "weekly", "day": 0}, "model": "main.repeat", "pk": 113}, {"fields": {"week": 2, "month": -1, "year": -1, "name": "bi-weekly", "day": -1}, "model": "main.repeat", "pk": 114}, {"fields": {"week": 0, "month": 1, "year": -1, "name": "monthly", "day": 0}, "model": "main.repeat", "pk": 115}, {"fields": {"week": 0, "month": 3, "year": -1, "name": "3-month", "day": 0}, "model": "main.repeat", "pk": 116}, {"fields": {"week": 0, "month": 2, "year": -1, "name": "2-month", "day": 0}, "model": "main.repeat", "pk": 117}, {"fields": {"week": 0, "month": 4, "year": -1, "name": "4-month", "day": 0}, "model": "main.repeat", "pk": 118}, {"fields": {"week": 0, "month": 6, "year": -1, "name": "bi-annually", "day": 0}, "model": "main.repeat", "pk": 119}, {"fields": {"week": -1, "month": -1, "year": 1, "name": "yearly", "day": -1}, "model": "main.repeat", "pk": 120}, {"fields": {"week": -1, "month": -1, "year": 0, "name": "one-time", "day": -1}, "model": "main.repeat", "pk": 121}, {"fields": {"repeat": 113, "start_date": "2014-04-18T00:00:00Z"}, "model": "main.schedule", "pk": 251}, {"fields": {"repeat": 113, "start_date": "2014-04-16T00:00:00Z"}, "model": "main.schedule", "pk": 252}, {"fields": {"repeat": 118, "start_date": "2014-04-16T00:00:00Z"}, "model": "main.schedule", "pk": 253}, {"fields": {"repeat": 114, "start_date": "2014-04-10T00:00:00Z"}, "model": "main.schedule", "pk": 254}, {"fields": {"repeat": 114, "start_date": "2014-04-17T00:00:00Z"}, "model": "main.schedule", "pk": 255}, {"fields": {"repeat": 115, "start_date": "2014-04-04T00:00:00Z"}, "model": "main.schedule", "pk": 256}, {"fields": {"repeat": 115, "start_date": "2014-04-03T00:00:00Z"}, "model": "main.schedule", "pk": 257}, {"fields": {"repeat": 115, "start_date": "2014-04-02T00:00:00Z"}, "model": "main.schedule", "pk": 258}, {"fields": {"repeat": 115, "start_date": "2014-04-22T00:00:00Z"}, "model": "main.schedule", "pk": 259}, {"fields": {"repeat": 115, "start_date": "2014-04-29T00:00:00Z"}, "model": "main.schedule", "pk": 260}, {"fields": {"repeat": 115, "start_date": "2014-04-15T00:00:00Z"}, "model": "main.schedule", "pk": 261}, {"fields": {"repeat": 115, "start_date": "2014-04-21T00:00:00Z"}, "model": "main.schedule", "pk": 262}, {"fields": {"repeat": 115, "start_date": "2014-04-08T00:00:00Z"}, "model": "main.schedule", "pk": 263}, {"fields": {"repeat": 117, "start_date": "2014-04-14T00:00:00Z"}, "model": "main.schedule", "pk": 264}, {"fields": {"repeat": 115, "start_date": "2014-04-01T00:00:00Z"}, "model": "main.schedule", "pk": 265}, {"fields": {"repeat": 115, "start_date": "2014-04-07T00:00:00Z"}, "model": "main.schedule", "pk": 266}, {"fields": {"repeat": 119, "start_date": "2014-04-01T00:00:00Z"}, "model": "main.schedule", "pk": 267}, {"fields": {"repeat": 119, "start_date": "2014-04-25T00:00:00Z"}, "model": "main.schedule", "pk": 268}, {"fields": {"repeat": 119, "start_date": "2014-04-24T00:00:00Z"}, "model": "main.schedule", "pk": 269}, {"fields": {"repeat": 119, "start_date": "2014-04-23T00:00:00Z"}, "model": "main.schedule", "pk": 270}, {"fields": {"repeat": 119, "start_date": "2014-04-18T00:00:00Z"}, "model": "main.schedule", "pk": 271}, {"fields": {"repeat": 120, "start_date": "2014-04-17T00:00:00Z"}, "model": "main.schedule", "pk": 272}, {"fields": {"repeat": 116, "start_date": "2014-04-11T00:00:00Z"}, "model": "main.schedule", "pk": 273}, {"fields": {"repeat": 116, "start_date": "2014-04-10T00:00:00Z"}, "model": "main.schedule", "pk": 274}, {"fields": {"repeat": 116, "start_date": "2014-04-09T00:00:00Z"}, "model": "main.schedule", "pk": 275}, {"fields": {"repeat": 120, "start_date": "2014-04-22T00:00:00Z"}, "model": "main.schedule", "pk": 276}, {"fields": {"repeat": 120, "start_date": "2014-04-15T00:00:00Z"}, "model": "main.schedule", "pk": 277}, {"fields": {"repeat": 120, "start_date": "2014-04-08T00:00:00Z"}, "model": "main.schedule", "pk": 278}, {"fields": {"repeat": 115, "start_date": "2014-04-07T00:00:00Z"}, "model": "main.schedule", "pk": 279}, {"fields": {"repeat": 121, "start_date": "2014-04-01T00:00:00Z"}, "model": "main.schedule", "pk": 280}, {"fields": {"repeat": 115, "start_date": "2014-05-02T00:00:00Z"}, "model": "main.schedule", "pk": 281}, {"fields": {"repeat": 116, "start_date": "2014-05-01T00:00:00Z"}, "model": "main.schedule", "pk": 282}, {"fields": {"repeat": 116, "start_date": "2014-05-03T00:00:00Z"}, "model": "main.schedule", "pk": 283}, {"fields": {"repeat": 119, "start_date": "2014-01-09T00:00:00Z"}, "model": "main.schedule", "pk": 284}, {"fields": {"repeat": 119, "start_date": "2013-05-12T00:00:00Z"}, "model": "main.schedule", "pk": 285}, {"fields": {"repeat": 119, "start_date": "2013-06-09T00:00:00Z"}, "model": "main.schedule", "pk": 286}, {"fields": {"repeat": 116, "start_date": "2014-10-28T00:00:00Z"}, "model": "main.schedule", "pk": 287}, {"fields": {"repeat": 116, "start_date": "2015-01-21T00:00:00Z"}, "model": "main.schedule", "pk": 288}, {"fields": {"repeat": 118, "start_date": "2015-05-18T00:00:00Z"}, "model": "main.schedule", "pk": 289}, {"fields": {"repeat": 115, "start_date": "2015-03-23T00:00:00Z"}, "model": "main.schedule", "pk": 290}, {"fields": {"repeat": 119, "start_date": "2015-03-24T00:00:00Z"}, "model": "main.schedule", "pk": 291}, {"fields": {"date_created": "2014-04-17T08:49:07.358Z", "schedules": [], "next_date": "9999-12-31T23:59:59.999Z", "name": "put office on Rachel S. temporary machine", "desc": ""}, "model": "main.task", "pk": 479}, {"fields": {"date_created": "2014-04-17T08:05:23.001Z", "schedules": [], "next_date": "9999-12-31T23:59:59.999Z", "name": "ICS light", "desc": ""}, "model": "main.task", "pk": 480}, {"fields": {"date_created": "2014-04-17T08:05:17.170Z", "schedules": [], "next_date": "9999-12-31T23:59:59.999Z", "name": "back hallway, door", "desc": ""}, "model": "main.task", "pk": 481}, {"fields": {"date_created": "2014-04-15T13:43:33.541Z", "schedules": [], "next_date": "9999-12-31T23:59:59.999Z", "name": "birdhouse", "desc": ""}, "model": "main.task", "pk": 482}, {"fields": {"date_created": "2014-04-15T13:42:46.242Z", "schedules": [], "next_date": "9999-12-31T23:59:59.999Z", "name": "Pat Wick walker break", "desc": ""}, "model": "main.task", "pk": 483}, {"fields": {"date_created": "2014-04-15T13:42:46.242Z", "schedules": [], "next_date": "9999-12-31T23:59:59.999Z", "name": "59w cable", "desc": ""}, "model": "main.task", "pk": 484}, {"fields": {"date_created": "2014-04-15T13:42:46.242Z", "schedules": [], "next_date": "9999-12-31T23:59:59.999Z", "name": "sand/paint medroom wall, rwcb wall, 19d BR wall", "desc": ""}, "model": "main.task", "pk": 485}, {"fields": {"date_created": "2014-04-15T13:42:46.242Z", "schedules": [], "next_date": "9999-12-31T23:59:59.999Z", "name": "dandilions", "desc": ""}, "model": "main.task", "pk": 486}, {"fields": {"date_created": "2014-04-15T12:58:31.414Z", "schedules": [251], "next_date": "2015-03-20T00:00:00Z", "name": "mag lock log", "desc": ""}, "model": "main.task", "pk": 487}, {"fields": {"date_created": "2014-04-15T12:58:31.414Z", "schedules": [252], "next_date": "2015-03-25T00:00:00Z", "name": "hot water temp log", "desc": ""}, "model": "main.task", "pk": 488}, {"fields": {"date_created": "2014-04-15T12:58:31.414Z", "schedules": [253], "next_date": "2015-04-16T00:00:00Z", "name": "oil circulating pump on hw heater", "desc": ""}, "model": "main.task", "pk": 489}, {"fields": {"date_created": "2014-04-15T12:58:31.414Z", "schedules": [254], "next_date": "2015-03-12T00:00:00Z", "name": "kitchen sprinkler heads and piping", "desc": ""}, "model": "main.task", "pk": 490}, {"fields": {"date_created": "2014-04-15T12:58:31.414Z", "schedules": [255], "next_date": "2015-03-05T00:00:00Z", "name": "kitchen ac catechin air filter (green)", "desc": ""}, "model": "main.task", "pk": 491}, {"fields": {"date_created": "2014-04-15T12:58:31Z", "schedules": [256], "next_date": "2015-04-04T00:00:00Z", "name": "w/c washer", "desc": " - floor screen\r\n - spray nozzle\r\n - hose leaks\r\n - checmical tubes hard/yellow or chemical low"}, "model": "main.task", "pk": 492}, {"fields": {"date_created": "2014-04-15T12:58:31.414Z", "schedules": [257], "next_date": "2015-04-03T00:00:00Z", "name": "water heater flush", "desc": ""}, "model": "main.task", "pk": 493}, {"fields": {"date_created": "2014-04-15T12:58:31.414Z", "schedules": [258], "next_date": "2015-03-02T00:00:00Z", "name": "walkin fridge and freezer", "desc": ""}, "model": "main.task", "pk": 494}, {"fields": {"date_created": "2014-04-15T12:58:31.414Z", "schedules": [259], "next_date": "2015-03-22T00:00:00Z", "name": "30 and 50 lb washers", "desc": ""}, "model": "main.task", "pk": 495}, {"fields": {"date_created": "2014-04-15T12:58:31.414Z", "schedules": [260], "next_date": "2015-03-28T00:00:00Z", "name": "laundry ahu filter", "desc": ""}, "model": "main.task", "pk": 496}, {"fields": {"date_created": "2014-04-15T12:58:31.414Z", "schedules": [261], "next_date": "2015-04-15T00:00:00Z", "name": "maintenance meat slicer", "desc": ""}, "model": "main.task", "pk": 497}, {"fields": {"date_created": "2014-04-15T12:58:31.414Z", "schedules": [262], "next_date": "2014-05-21T00:00:00Z", "name": "wipe under counters, base coving in kitchen", "desc": ""}, "model": "main.task", "pk": 498}, {"fields": {"date_created": "2014-04-15T12:58:31.414Z", "schedules": [263], "next_date": "2014-05-08T00:00:00Z", "name": "wipe walls/ceiling in kitchen", "desc": ""}, "model": "main.task", "pk": 499}, {"fields": {"date_created": "2014-04-15T12:58:31.414Z", "schedules": [264], "next_date": "2015-04-14T00:00:00Z", "name": "water filters", "desc": ""}, "model": "main.task", "pk": 500}, {"fields": {"date_created": "2014-04-15T12:58:31.413Z", "schedules": [265], "next_date": "2015-03-01T00:00:00Z", "name": "kitchen ac coils, fins, and outside", "desc": ""}, "model": "main.task", "pk": 501}, {"fields": {"date_created": "2014-04-15T12:58:31.413Z", "schedules": [266], "next_date": "2015-03-07T00:00:00Z", "name": "lift maintenance", "desc": ""}, "model": "main.task", "pk": 502}, {"fields": {"date_created": "2014-04-15T12:58:31.413Z", "schedules": [267], "next_date": "2015-04-01T00:00:00Z", "name": "inspect hw heater relief valves", "desc": ""}, "model": "main.task", "pk": 503}, {"fields": {"date_created": "2014-04-15T12:58:31.413Z", "schedules": [268], "next_date": "2015-04-25T00:00:00Z", "name": "inspect anode rods in hw heaters", "desc": ""}, "model": "main.task", "pk": 504}, {"fields": {"date_created": "2014-04-15T12:58:31.413Z", "schedules": [269], "next_date": "2015-04-24T00:00:00Z", "name": "delime hot water heaters", "desc": ""}, "model": "main.task", "pk": 505}, {"fields": {"date_created": "2014-04-15T12:58:31.413Z", "schedules": [270], "next_date": "2015-04-23T00:00:00Z", "name": "change ice machine filter", "desc": ""}, "model": "main.task", "pk": 506}, {"fields": {"date_created": "2014-04-15T12:58:31.413Z", "schedules": [271], "next_date": "2015-04-18T00:00:00Z", "name": "clean cook's fridge/freezer condensing unit", "desc": ""}, "model": "main.task", "pk": 507}, {"fields": {"date_created": "2014-04-15T12:58:31.413Z", "schedules": [272], "next_date": "2015-04-17T00:00:00Z", "name": "clean rooftop ac coils", "desc": ""}, "model": "main.task", "pk": 508}, {"fields": {"date_created": "2014-04-15T12:58:31.413Z", "schedules": [273], "next_date": "2015-04-11T00:00:00Z", "name": "inspect hw heater vent system", "desc": ""}, "model": "main.task", "pk": 509}, {"fields": {"date_created": "2014-04-15T12:58:31.413Z", "schedules": [274], "next_date": "2015-04-10T00:00:00Z", "name": "check maytag washer belt/screen", "desc": ""}, "model": "main.task", "pk": 510}, {"fields": {"date_created": "2014-04-15T12:58:31.413Z", "schedules": [275], "next_date": "2015-04-09T00:00:00Z", "name": "clean kitchen a/c anti-allergen air filter", "desc": ""}, "model": "main.task", "pk": 511}, {"fields": {"date_created": "2014-04-15T12:58:31.413Z", "schedules": [276], "next_date": "2015-04-22T00:00:00Z", "name": "clean/sanitize ice machine", "desc": ""}, "model": "main.task", "pk": 512}, {"fields": {"date_created": "2014-04-15T12:58:31.413Z", "schedules": [277], "next_date": "2015-04-15T00:00:00Z", "name": "replace anti-allergen air filter in kitchen ac", "desc": ""}, "model": "main.task", "pk": 513}, {"fields": {"date_created": "2014-04-15T12:58:31.413Z", "schedules": [278], "next_date": "2015-04-08T00:00:00Z", "name": "duct venting over stove", "desc": ""}, "model": "main.task", "pk": 514}, {"fields": {"date_created": "2014-04-21T08:17:11.902Z", "schedules": [], "next_date": "9999-12-31T23:59:59.999Z", "name": "fix nursing cart wobble", "desc": ""}, "model": "main.task", "pk": 515}, {"fields": {"date_created": "2014-04-21T08:25:39.240Z", "schedules": [], "next_date": "9999-12-31T23:59:59.999Z", "name": "get narcotics key for HH med cart", "desc": ""}, "model": "main.task", "pk": 516}, {"fields": {"date_created": "2014-04-21T15:48:30.557Z", "schedules": [], "next_date": "9999-12-31T23:59:59.999Z", "name": "HH heat pump oil", "desc": ""}, "model": "main.task", "pk": 517}, {"fields": {"date_created": "2014-04-24T08:45:37.082Z", "schedules": [], "next_date": "9999-12-31T23:59:59.999Z", "name": "fix exit light by garage doors at hh", "desc": ""}, "model": "main.task", "pk": 518}, {"fields": {"date_created": "2014-04-24T12:44:01.454Z", "schedules": [], "next_date": "9999-12-31T23:59:59.999Z", "name": "1'' chamios cwcb", "desc": ""}, "model": "main.task", "pk": 519}, {"fields": {"date_created": "2014-04-24T12:44:18.426Z", "schedules": [], "next_date": "9999-12-31T23:59:59.999Z", "name": "6'' chamios end rwcb", "desc": ""}, "model": "main.task", "pk": 520}, {"fields": {"date_created": "2014-04-24T12:44:37.888Z", "schedules": [], "next_date": "9999-12-31T23:59:59.999Z", "name": "hh room signs", "desc": ""}, "model": "main.task", "pk": 521}, {"fields": {"date_created": "2014-04-24T12:46:21.804Z", "schedules": [], "next_date": "9999-12-31T23:59:59.999Z", "name": "replace flag", "desc": ""}, "model": "main.task", "pk": 522}, {"fields": {"date_created": "2014-04-28T09:47:58.502Z", "schedules": [], "next_date": "9999-12-31T23:59:59.999Z", "name": "replace kitchen oven spring", "desc": ""}, "model": "main.task", "pk": 523}, {"fields": {"date_created": "2014-04-29T12:00:50.060Z", "schedules": [], "next_date": "9999-12-31T23:59:59.999Z", "name": "replace hh front entrance light", "desc": ""}, "model": "main.task", "pk": 524}, {"fields": {"date_created": "2014-05-01T07:18:12Z", "schedules": [], "next_date": "2014-05-01T07:18:12Z", "name": "paint doorframes at p.m.", "desc": ""}, "model": "main.task", "pk": 525}, {"fields": {"date_created": "2014-05-01T07:18:30.027Z", "schedules": [], "next_date": "9999-12-31T23:59:59.999Z", "name": "upgrade IE on pmlaptop13", "desc": ""}, "model": "main.task", "pk": 526}, {"fields": {"date_created": "2014-05-01T07:24:41.823Z", "schedules": [], "next_date": "9999-12-31T23:59:59.999Z", "name": "dust hallway fans", "desc": ""}, "model": "main.task", "pk": 527}, {"fields": {"date_created": "2014-05-01T07:46:28.839Z", "schedules": [], "next_date": "9999-12-31T23:59:59.999Z", "name": "put the flag back up at HH", "desc": ""}, "model": "main.task", "pk": 528}, {"fields": {"date_created": "2014-05-01T00:00:00Z", "schedules": [279], "next_date": "2015-03-07T00:00:00Z", "name": "clean office ac units in the main office, ICS, PT and medroom", "desc": ""}, "model": "main.task", "pk": 529}, {"fields": {"date_created": "2014-05-19T07:12:00.759Z", "schedules": [280], "next_date": "9999-12-31T23:59:59.999Z", "name": "sand hh planters and move a little", "desc": ""}, "model": "main.task", "pk": 530}, {"fields": {"date_created": "2014-05-19T07:12:19.506Z", "schedules": [], "next_date": "9999-12-31T23:59:59.999Z", "name": "maintenance mower", "desc": ""}, "model": "main.task", "pk": 531}, {"fields": {"date_created": "2014-05-20T07:35:51.800Z", "schedules": [], "next_date": "9999-12-31T23:59:59.999Z", "name": "repatch p.m. front driveway by entrance", "desc": ""}, "model": "main.task", "pk": 532}, {"fields": {"date_created": "2014-05-28T14:52:36.363Z", "schedules": [], "next_date": "9999-12-31T23:59:59.999Z", "name": "update this list from blue book:\n- pumps/filters\n- time mist\n", "desc": ""}, "model": "main.task", "pk": 533}, {"fields": {"date_created": "2014-05-28T14:52:36.363Z", "schedules": [281], "next_date": "2015-03-02T00:00:00Z", "name": "grease motors\n - cw, rw, lw, drn, hh ahu\n - pm heat pumps\n - jcl, pub, dwr exhaust, kit hood, beauty shop\n", "desc": ""}, "model": "main.task", "pk": 534}, {"fields": {"date_created": "2014-05-28T14:52:36.363Z", "schedules": [282], "next_date": "2015-05-01T00:00:00Z", "name": "oil pumps (4 drops) pm dhw (previously hh water pump)", "desc": ""}, "model": "main.task", "pk": 535}, {"fields": {"date_created": "2014-05-28T14:52:36.363Z", "schedules": [283], "next_date": "2015-05-03T00:00:00Z", "name": "replace filters lw,cw,rw,hh,chp,drn,drs,bma", "desc": ""}, "model": "main.task", "pk": 536}, {"fields": {"date_created": "2014-05-28T14:54:33.744Z", "schedules": [], "next_date": "9999-12-31T23:59:59.999Z", "name": "check time mist dispensers", "desc": ""}, "model": "main.task", "pk": 537}, {"fields": {"date_created": "2014-06-02T08:01:08.594Z", "schedules": [284], "next_date": "2015-01-09T00:00:00Z", "name": "change eyewash water", "desc": ""}, "model": "main.task", "pk": 538}, {"fields": {"date_created": "2014-06-03T11:35:37.007Z", "schedules": [], "next_date": "9999-12-31T23:59:59.999Z", "name": "paint 19, 62, 57", "desc": ""}, "model": "main.task", "pk": 539}, {"fields": {"date_created": "2014-06-03T11:36:24.025Z", "schedules": [], "next_date": "9999-12-31T23:59:59.999Z", "name": "get a screen for room 19", "desc": ""}, "model": "main.task", "pk": 540}, {"fields": {"date_created": "2014-06-03T11:41:10.616Z", "schedules": [], "next_date": "2015-04-23T16:53:41.884Z", "name": "hh lighting replace E7,6,4,W4,5,6,9", "desc": ""}, "model": "main.task", "pk": 541}, {"fields": {"date_created": "2014-06-03T11:41:19.305Z", "schedules": [], "next_date": "2014-06-03T11:41:19.305Z", "name": "hh door replacement E11,10,9,8,6,5,2,W1,3,5,7,8,9", "desc": ""}, "model": "main.task", "pk": 542}, {"fields": {"date_created": "2014-06-05T10:05:42.919Z", "schedules": [], "next_date": "2014-06-05T10:05:42.919Z", "name": "create better solution for chapel dehumidifier drainage", "desc": ""}, "model": "main.task", "pk": 543}, {"fields": {"date_created": "2014-06-05T10:11:53.295Z", "schedules": [285], "next_date": "2013-11-12T00:00:00Z", "name": "wash outside windows at p.m. and h.h.", "desc": ""}, "model": "main.task", "pk": 544}, {"fields": {"date_created": "2014-06-05T10:11:53.295Z", "schedules": [286], "next_date": "2013-12-09T00:00:00Z", "name": "trim shrubs around building", "desc": ""}, "model": "main.task", "pk": 545}, {"fields": {"date_created": "2014-06-16T14:24:24.631Z", "schedules": [], "next_date": "9999-12-31T23:59:59.999Z", "name": "move h.h. timeclock to kitchen", "desc": ""}, "model": "main.task", "pk": 546}, {"fields": {"date_created": "2014-06-16T14:24:38.637Z", "schedules": [], "next_date": "9999-12-31T23:59:59.999Z", "name": "wash wheelchairs in basement", "desc": ""}, "model": "main.task", "pk": 547}, {"fields": {"date_created": "2014-06-16T14:25:51.021Z", "schedules": [], "next_date": "9999-12-31T23:59:59.999Z", "name": "remove hh kitchen shutters", "desc": ""}, "model": "main.task", "pk": 548}, {"fields": {"date_created": "2014-07-22T08:06:09.867Z", "schedules": [], "next_date": "9999-12-31T23:59:59.999Z", "name": "pull switches", "desc": ""}, "model": "main.task", "pk": 549}, {"fields": {"date_created": "2014-10-03T08:16:36.009Z", "schedules": [], "next_date": "9999-12-31T23:59:59.999Z", "name": "dust", "desc": ""}, "model": "main.task", "pk": 550}, {"fields": {"date_created": "2014-10-30T12:58:31.413Z", "schedules": [287], "next_date": "2015-04-28T00:00:00Z", "name": "calibrate scales on ez-stand, ez-lift, valero, and Pro1 lifts", "desc": ""}, "model": "main.task", "pk": 551}, {"fields": {"date_created": "2015-01-22T08:20:10.358Z", "schedules": [288], "next_date": "2015-04-21T00:00:00Z", "name": "clean kitchen dishwasher room exhaust", "desc": ""}, "model": "main.task", "pk": 552}, {"fields": {"date_created": "2015-01-23T09:46:35.796Z", "schedules": [289], "next_date": "2015-05-18T00:00:00Z", "name": "Clean out smoke 25 detectors and 5 duct smoke detectors", "desc": ""}, "model": "main.task", "pk": 553}, {"fields": {"date_created": "2015-03-02T09:50:21.427Z", "schedules": [290], "next_date": "2015-04-23T00:00:00Z", "name": "Check oil and coolant level and battery specific in generator", "desc": ""}, "model": "main.task", "pk": 554}, {"fields": {"date_created": "2015-03-02T09:50:21.427Z", "schedules": [291], "next_date": "2015-03-24T00:00:00Z", "name": "Change oil in generator", "desc": ""}, "model": "main.task", "pk": 555}, {"fields": {"date": "2014-04-30T11:09:52.809Z", "text": "closed", "task": 479, "complete": true}, "model": "main.status", "pk": 2809}, {"fields": {"date": "2014-04-29T12:08:24.223Z", "text": "installed office, working on HH printer driver", "task": 479, "complete": false}, "model": "main.status", "pk": 2810}, {"fields": {"date": "2014-04-21T08:25:06.255Z", "text": "need to get computer names from HH and contact BesTech", "task": 479, "complete": false}, "model": "main.status", "pk": 2811}, {"fields": {"date": "2014-04-18T00:00:00Z", "text": "responded to Allison.  Told her we'd move office from her old computer to her new computer and probably install OpenOffice on the spare after this is over", "task": 479, "complete": false}, "model": "main.status", "pk": 2812}, {"fields": {"date": "2014-04-17T00:00:00Z", "text": "got an email back from Allison.  She said $220 was too much for office on that computer.", "task": 479, "complete": false}, "model": "main.status", "pk": 2813}, {"fields": {"date": "2014-04-17T09:17:15.682Z", "text": "sent Allison an email, just in case that's faster", "task": 479, "complete": false}, "model": "main.status", "pk": 2814}, {"fields": {"date": "2014-04-17T08:50:50.123Z", "text": "left a voicemail with allison (in charge) asking if we could get an office license from bestech", "task": 479, "complete": false}, "model": "main.status", "pk": 2815}, {"fields": {"date": "2014-04-17T08:50:05.297Z", "text": "checked, office licenses get purchased through bestech", "task": 479, "complete": false}, "model": "main.status", "pk": 2816}, {"fields": {"date": "2014-04-17T08:48:03.364Z", "text": "replaced bulbs", "task": 480, "complete": true}, "model": "main.status", "pk": 2817}, {"fields": {"date": "2014-04-17T08:48:32.486Z", "text": "cleared the back hallway and took papers off of door", "task": 481, "complete": true}, "model": "main.status", "pk": 2818}, {"fields": {"date": "2014-05-27T00:00:00Z", "text": "Helen got a shepherds hook, her son put it up, and I put the birdhouse on it", "task": 482, "complete": true}, "model": "main.status", "pk": 2819}, {"fields": {"date": "2014-04-21T16:08:44.241Z", "text": "Helen said she would get something this weekend to hang up the birdhouse with", "task": 482, "complete": false}, "model": "main.status", "pk": 2820}, {"fields": {"date": "2014-05-07T07:12:56.991Z", "text": "looked good the other day when I looked at it", "task": 483, "complete": true}, "model": "main.status", "pk": 2821}, {"fields": {"date": "2014-04-29T11:56:40.723Z", "text": "done by shawn", "task": 484, "complete": true}, "model": "main.status", "pk": 2822}, {"fields": {"date": "2014-05-01T00:00:00Z", "text": "sanded all, primed, and painted", "task": 485, "complete": true}, "model": "main.status", "pk": 2823}, {"fields": {"date": "2014-04-22T10:30:20.736Z", "text": "patched holes in 19d", "task": 485, "complete": false}, "model": "main.status", "pk": 2824}, {"fields": {"date": "2014-05-19T07:09:50.954Z", "text": "closed", "task": 486, "complete": true}, "model": "main.status", "pk": 2825}, {"fields": {"date": "2015-03-25T15:03:38.799Z", "text": "due to be done (for the \"weekly\" schedule)", "task": 487, "complete": false}, "model": "main.status", "pk": 2826}, {"fields": {"date": "2015-03-19T09:25:34.560Z", "text": "closed", "task": 487, "complete": true}, "model": "main.status", "pk": 2827}, {"fields": {"date": "2015-03-09T15:05:41.525Z", "text": "due to be done (for the \"weekly\" schedule)", "task": 487, "complete": false}, "model": "main.status", "pk": 2828}, {"fields": {"date": "2015-03-05T07:59:25.402Z", "text": "closed", "task": 487, "complete": true}, "model": "main.status", "pk": 2829}, {"fields": {"date": "2015-03-02T09:50:21.411Z", "text": "due to be done (for the \"weekly\" schedule)", "task": 487, "complete": false}, "model": "main.status", "pk": 2830}, {"fields": {"date": "2015-02-26T00:00:00Z", "text": "closed", "task": 487, "complete": true}, "model": "main.status", "pk": 2831}, {"fields": {"date": "2015-02-24T08:07:32.781Z", "text": "closed", "task": 487, "complete": true}, "model": "main.status", "pk": 2832}, {"fields": {"date": "2015-02-19T11:51:56.859Z", "text": "due to be done (for the \"weekly\" schedule)", "task": 487, "complete": false}, "model": "main.status", "pk": 2833}, {"fields": {"date": "2015-02-09T13:13:22.934Z", "text": "closed", "task": 487, "complete": true}, "model": "main.status", "pk": 2834}, {"fields": {"date": "2015-02-09T08:46:32.121Z", "text": "due to be done (for the \"weekly\" schedule)", "task": 487, "complete": false}, "model": "main.status", "pk": 2835}, {"fields": {"date": "2015-02-03T12:03:55.914Z", "text": "closed", "task": 487, "complete": true}, "model": "main.status", "pk": 2836}, {"fields": {"date": "2015-01-30T07:19:49.498Z", "text": "due to be done (for the \"weekly\" schedule)", "task": 487, "complete": false}, "model": "main.status", "pk": 2837}, {"fields": {"date": "2015-01-30T00:00:00Z", "text": "closed", "task": 487, "complete": true}, "model": "main.status", "pk": 2838}, {"fields": {"date": "2015-01-23T07:46:27.109Z", "text": "closed", "task": 487, "complete": true}, "model": "main.status", "pk": 2839}, {"fields": {"date": "2015-01-16T07:06:01.076Z", "text": "due to be done (for the \"weekly\" schedule)", "task": 487, "complete": false}, "model": "main.status", "pk": 2840}, {"fields": {"date": "2015-01-16T00:00:00Z", "text": "closed", "task": 487, "complete": true}, "model": "main.status", "pk": 2841}, {"fields": {"date": "2015-01-09T13:42:52.327Z", "text": "closed", "task": 487, "complete": true}, "model": "main.status", "pk": 2842}, {"fields": {"date": "2015-01-08T13:47:27.628Z", "text": "due to be done (for the \"weekly\" schedule)", "task": 487, "complete": false}, "model": "main.status", "pk": 2843}, {"fields": {"date": "2014-12-30T00:00:00Z", "text": "closed", "task": 487, "complete": true}, "model": "main.status", "pk": 2844}, {"fields": {"date": "2014-12-22T00:00:00Z", "text": "closed", "task": 487, "complete": true}, "model": "main.status", "pk": 2845}, {"fields": {"date": "2014-12-16T09:26:26.314Z", "text": "closed", "task": 487, "complete": true}, "model": "main.status", "pk": 2846}, {"fields": {"date": "2014-12-16T09:18:56.913Z", "text": "due to be done (for the \"weekly\" schedule)", "task": 487, "complete": false}, "model": "main.status", "pk": 2847}, {"fields": {"date": "2014-12-08T08:20:29.391Z", "text": "closed", "task": 487, "complete": true}, "model": "main.status", "pk": 2848}, {"fields": {"date": "2014-12-08T08:19:59.849Z", "text": "due to be done (for the \"weekly\" schedule)", "task": 487, "complete": false}, "model": "main.status", "pk": 2849}, {"fields": {"date": "2014-12-03T14:29:56.928Z", "text": "closed", "task": 487, "complete": true}, "model": "main.status", "pk": 2850}, {"fields": {"date": "2014-12-02T07:30:18.686Z", "text": "due to be done (for the \"weekly\" schedule)", "task": 487, "complete": false}, "model": "main.status", "pk": 2851}, {"fields": {"date": "2014-11-26T11:31:57.737Z", "text": "closed", "task": 487, "complete": true}, "model": "main.status", "pk": 2852}, {"fields": {"date": "2014-11-24T14:25:02.858Z", "text": "due to be done (for the \"weekly\" schedule)", "task": 487, "complete": false}, "model": "main.status", "pk": 2853}, {"fields": {"date": "2014-11-18T00:00:00Z", "text": "closed", "task": 487, "complete": true}, "model": "main.status", "pk": 2854}, {"fields": {"date": "2014-11-10T00:00:00Z", "text": "closed", "task": 487, "complete": true}, "model": "main.status", "pk": 2855}, {"fields": {"date": "2014-11-07T00:00:00Z", "text": "closed", "task": 487, "complete": true}, "model": "main.status", "pk": 2856}, {"fields": {"date": "2014-10-31T07:14:56.735Z", "text": "closed", "task": 487, "complete": true}, "model": "main.status", "pk": 2857}, {"fields": {"date": "2014-10-31T07:14:05.382Z", "text": "due to be done (for the \"weekly\" schedule)", "task": 487, "complete": false}, "model": "main.status", "pk": 2858}, {"fields": {"date": "2014-10-30T07:43:05.196Z", "text": "closed", "task": 487, "complete": true}, "model": "main.status", "pk": 2859}, {"fields": {"date": "2014-10-29T07:34:21.212Z", "text": "due to be done (for the \"weekly\" schedule)", "task": 487, "complete": false}, "model": "main.status", "pk": 2860}, {"fields": {"date": "2014-10-22T00:00:00Z", "text": "closed", "task": 487, "complete": true}, "model": "main.status", "pk": 2861}, {"fields": {"date": "2014-10-17T10:06:09.816Z", "text": "closed", "task": 487, "complete": true}, "model": "main.status", "pk": 2862}, {"fields": {"date": "2014-10-13T08:54:56.700Z", "text": "due to be done (for the \"weekly\" schedule)", "task": 487, "complete": false}, "model": "main.status", "pk": 2863}, {"fields": {"date": "2014-10-06T07:44:35.616Z", "text": "closed", "task": 487, "complete": true}, "model": "main.status", "pk": 2864}, {"fields": {"date": "2014-10-03T00:00:00Z", "text": "closed", "task": 487, "complete": true}, "model": "main.status", "pk": 2865}, {"fields": {"date": "2014-09-23T07:25:23.887Z", "text": "due to be done (for the \"weekly\" schedule)", "task": 487, "complete": false}, "model": "main.status", "pk": 2866}, {"fields": {"date": "2014-09-23T00:00:00Z", "text": "closed", "task": 487, "complete": true}, "model": "main.status", "pk": 2867}, {"fields": {"date": "2014-09-15T10:18:34.893Z", "text": "closed", "task": 487, "complete": true}, "model": "main.status", "pk": 2868}, {"fields": {"date": "2014-09-15T10:14:34.473Z", "text": "due to be done (for the \"weekly\" schedule)", "task": 487, "complete": false}, "model": "main.status", "pk": 2869}, {"fields": {"date": "2014-09-09T00:00:00Z", "text": "closed", "task": 487, "complete": true}, "model": "main.status", "pk": 2870}, {"fields": {"date": "2014-09-03T12:32:06.761Z", "text": "closed", "task": 487, "complete": true}, "model": "main.status", "pk": 2871}, {"fields": {"date": "2014-09-02T07:32:30.967Z", "text": "due to be done (for the \"weekly\" schedule)", "task": 487, "complete": false}, "model": "main.status", "pk": 2872}, {"fields": {"date": "2014-08-28T00:00:00Z", "text": "closed", "task": 487, "complete": true}, "model": "main.status", "pk": 2873}, {"fields": {"date": "2014-08-21T10:35:39.190Z", "text": "closed", "task": 487, "complete": true}, "model": "main.status", "pk": 2874}, {"fields": {"date": "2014-08-11T00:00:00Z", "text": "closed", "task": 487, "complete": true}, "model": "main.status", "pk": 2875}, {"fields": {"date": "2014-08-05T00:00:00Z", "text": "closed", "task": 487, "complete": true}, "model": "main.status", "pk": 2876}, {"fields": {"date": "2014-08-01T08:04:56.872Z", "text": "due to be done (for the \"weekly\" schedule)", "task": 487, "complete": false}, "model": "main.status", "pk": 2877}, {"fields": {"date": "2014-07-30T11:56:20.932Z", "text": "closed", "task": 487, "complete": true}, "model": "main.status", "pk": 2878}, {"fields": {"date": "2014-07-22T08:02:47.449Z", "text": "due to be done (for the \"weekly\" schedule)", "task": 487, "complete": false}, "model": "main.status", "pk": 2879}, {"fields": {"date": "2014-07-22T00:00:00Z", "text": "closed", "task": 487, "complete": true}, "model": "main.status", "pk": 2880}, {"fields": {"date": "2014-07-16T07:27:41.215Z", "text": "closed", "task": 487, "complete": true}, "model": "main.status", "pk": 2881}, {"fields": {"date": "2014-07-14T08:22:03.128Z", "text": "due to be done (for the \"weekly\" schedule)", "task": 487, "complete": false}, "model": "main.status", "pk": 2882}, {"fields": {"date": "2014-07-08T07:06:04.641Z", "text": "closed", "task": 487, "complete": true}, "model": "main.status", "pk": 2883}, {"fields": {"date": "2014-07-03T00:00:00Z", "text": "closed", "task": 487, "complete": true}, "model": "main.status", "pk": 2884}, {"fields": {"date": "2014-06-30T10:15:23.797Z", "text": "due to be done (for the \"weekly\" schedule)", "task": 487, "complete": false}, "model": "main.status", "pk": 2885}, {"fields": {"date": "2014-06-23T14:19:12.752Z", "text": "due to be done (for the \"weekly\" schedule)", "task": 487, "complete": false}, "model": "main.status", "pk": 2886}, {"fields": {"date": "2014-06-23T13:09:15.122Z", "text": "closed", "task": 487, "complete": true}, "model": "main.status", "pk": 2887}, {"fields": {"date": "2014-06-20T13:09:15.122Z", "text": "closed", "task": 487, "complete": true}, "model": "main.status", "pk": 2888}, {"fields": {"date": "2014-06-16T14:19:12.752Z", "text": "due to be done (for the \"weekly\" schedule)", "task": 487, "complete": false}, "model": "main.status", "pk": 2889}, {"fields": {"date": "2014-06-12T12:33:17.972Z", "text": "closed", "task": 487, "complete": true}, "model": "main.status", "pk": 2890}, {"fields": {"date": "2014-06-06T07:05:02.264Z", "text": "due to be done (for the \"weekly\" schedule)", "task": 487, "complete": false}, "model": "main.status", "pk": 2891}, {"fields": {"date": "2014-06-03T11:36:48.455Z", "text": "closed", "task": 487, "complete": true}, "model": "main.status", "pk": 2892}, {"fields": {"date": "2014-06-02T08:01:08.592Z", "text": "due to be done (for the \"weekly\" schedule)", "task": 487, "complete": false}, "model": "main.status", "pk": 2893}, {"fields": {"date": "2014-05-26T12:36:10.135Z", "text": "closed", "task": 487, "complete": true}, "model": "main.status", "pk": 2894}, {"fields": {"date": "2014-05-26T09:16:10.382Z", "text": "due to be done (for the \"weekly\" schedule)", "task": 487, "complete": false}, "model": "main.status", "pk": 2895}, {"fields": {"date": "2014-05-20T12:36:10.135Z", "text": "closed", "task": 487, "complete": true}, "model": "main.status", "pk": 2896}, {"fields": {"date": "2014-05-20T09:16:10.382Z", "text": "due to be done (for the \"weekly\" schedule)", "task": 487, "complete": false}, "model": "main.status", "pk": 2897}, {"fields": {"date": "2014-05-12T07:05:32.966Z", "text": "closed", "task": 487, "complete": true}, "model": "main.status", "pk": 2898}, {"fields": {"date": "2014-05-12T07:04:40.816Z", "text": "due to be done (for the \"weekly\" schedule)", "task": 487, "complete": false}, "model": "main.status", "pk": 2899}, {"fields": {"date": "2014-05-08T07:08:44.837Z", "text": "closed", "task": 487, "complete": true}, "model": "main.status", "pk": 2900}, {"fields": {"date": "2014-05-02T07:58:48.256Z", "text": "due to be done (for the \"weekly\" schedule)", "task": 487, "complete": false}, "model": "main.status", "pk": 2901}, {"fields": {"date": "2014-04-28T10:10:15.670Z", "text": "complete", "task": 487, "complete": true}, "model": "main.status", "pk": 2902}, {"fields": {"date": "2014-04-28T09:41:43.193Z", "text": "due to be done (for the \"weekly\" schedule)", "task": 487, "complete": false}, "model": "main.status", "pk": 2903}, {"fields": {"date": "2014-04-22T10:31:56.077Z", "text": "done", "task": 487, "complete": true}, "model": "main.status", "pk": 2904}, {"fields": {"date": "2015-03-25T15:03:38.799Z", "text": "due to be done (for the \"weekly\" schedule)", "task": 488, "complete": false}, "model": "main.status", "pk": 2905}, {"fields": {"date": "2015-03-19T09:25:34.560Z", "text": "closed", "task": 488, "complete": true}, "model": "main.status", "pk": 2906}, {"fields": {"date": "2015-03-17T13:31:21.944Z", "text": "due to be done (for the \"weekly\" schedule)", "task": 488, "complete": false}, "model": "main.status", "pk": 2907}, {"fields": {"date": "2015-03-05T07:59:25.402Z", "text": "closed", "task": 488, "complete": true}, "model": "main.status", "pk": 2908}, {"fields": {"date": "2015-03-02T09:50:21.411Z", "text": "due to be done (for the \"weekly\" schedule)", "task": 488, "complete": false}, "model": "main.status", "pk": 2909}, {"fields": {"date": "2015-02-26T00:00:00Z", "text": "closed", "task": 488, "complete": true}, "model": "main.status", "pk": 2910}, {"fields": {"date": "2015-02-24T08:07:32.781Z", "text": "closed", "task": 488, "complete": true}, "model": "main.status", "pk": 2911}, {"fields": {"date": "2015-02-11T08:37:34.437Z", "text": "due to be done (for the \"weekly\" schedule)", "task": 488, "complete": false}, "model": "main.status", "pk": 2912}, {"fields": {"date": "2015-02-09T13:13:22.934Z", "text": "closed", "task": 488, "complete": true}, "model": "main.status", "pk": 2913}, {"fields": {"date": "2015-02-05T08:05:49.661Z", "text": "due to be done (for the \"weekly\" schedule)", "task": 488, "complete": false}, "model": "main.status", "pk": 2914}, {"fields": {"date": "2015-02-04T00:00:00Z", "text": "closed", "task": 488, "complete": true}, "model": "main.status", "pk": 2915}, {"fields": {"date": "2015-01-28T14:57:47.118Z", "text": "closed", "task": 488, "complete": true}, "model": "main.status", "pk": 2916}, {"fields": {"date": "2015-01-28T14:47:55.823Z", "text": "due to be done (for the \"weekly\" schedule)", "task": 488, "complete": false}, "model": "main.status", "pk": 2917}, {"fields": {"date": "2015-01-23T07:46:27.109Z", "text": "closed", "task": 488, "complete": true}, "model": "main.status", "pk": 2918}, {"fields": {"date": "2015-01-22T08:17:24.395Z", "text": "due to be done (for the \"weekly\" schedule)", "task": 488, "complete": false}, "model": "main.status", "pk": 2919}, {"fields": {"date": "2015-01-16T00:00:00Z", "text": "closed", "task": 488, "complete": true}, "model": "main.status", "pk": 2920}, {"fields": {"date": "2015-01-15T07:26:05.851Z", "text": "due to be done (for the \"weekly\" schedule)", "task": 488, "complete": false}, "model": "main.status", "pk": 2921}, {"fields": {"date": "2015-01-09T13:42:52.327Z", "text": "closed", "task": 488, "complete": true}, "model": "main.status", "pk": 2922}, {"fields": {"date": "2015-01-08T13:47:27.628Z", "text": "due to be done (for the \"weekly\" schedule)", "task": 488, "complete": false}, "model": "main.status", "pk": 2923}, {"fields": {"date": "2015-01-05T00:00:00Z", "text": "closed", "task": 488, "complete": true}, "model": "main.status", "pk": 2924}, {"fields": {"date": "2014-12-30T00:00:00Z", "text": "closed", "task": 488, "complete": true}, "model": "main.status", "pk": 2925}, {"fields": {"date": "2014-12-23T00:00:00Z", "text": "closed", "task": 488, "complete": true}, "model": "main.status", "pk": 2926}, {"fields": {"date": "2014-12-16T09:26:26.314Z", "text": "closed", "task": 488, "complete": true}, "model": "main.status", "pk": 2927}, {"fields": {"date": "2014-12-10T07:17:13.789Z", "text": "due to be done (for the \"weekly\" schedule)", "task": 488, "complete": false}, "model": "main.status", "pk": 2928}, {"fields": {"date": "2014-12-10T00:00:00Z", "text": "closed", "task": 488, "complete": true}, "model": "main.status", "pk": 2929}, {"fields": {"date": "2014-12-03T14:29:56.928Z", "text": "closed", "task": 488, "complete": true}, "model": "main.status", "pk": 2930}, {"fields": {"date": "2014-12-03T14:13:38.392Z", "text": "due to be done (for the \"weekly\" schedule)", "task": 488, "complete": false}, "model": "main.status", "pk": 2931}, {"fields": {"date": "2014-11-26T11:32:00.733Z", "text": "closed", "task": 488, "complete": true}, "model": "main.status", "pk": 2932}, {"fields": {"date": "2014-11-24T14:25:02.858Z", "text": "due to be done (for the \"weekly\" schedule)", "task": 488, "complete": false}, "model": "main.status", "pk": 2933}, {"fields": {"date": "2014-11-17T00:00:00Z", "text": "closed", "task": 488, "complete": true}, "model": "main.status", "pk": 2934}, {"fields": {"date": "2014-11-10T00:00:00Z", "text": "closed", "task": 488, "complete": true}, "model": "main.status", "pk": 2935}, {"fields": {"date": "2014-11-05T11:07:16.368Z", "text": "closed", "task": 488, "complete": true}, "model": "main.status", "pk": 2936}, {"fields": {"date": "2014-11-05T11:01:24.346Z", "text": "due to be done (for the \"weekly\" schedule)", "task": 488, "complete": false}, "model": "main.status", "pk": 2937}, {"fields": {"date": "2014-10-30T07:45:52.232Z", "text": "closed", "task": 488, "complete": true}, "model": "main.status", "pk": 2938}, {"fields": {"date": "2014-10-24T00:00:00Z", "text": "closed", "task": 488, "complete": true}, "model": "main.status", "pk": 2939}, {"fields": {"date": "2014-10-22T07:30:08.873Z", "text": "due to be done (for the \"weekly\" schedule)", "task": 488, "complete": false}, "model": "main.status", "pk": 2940}, {"fields": {"date": "2014-10-17T10:06:09.816Z", "text": "closed", "task": 488, "complete": true}, "model": "main.status", "pk": 2941}, {"fields": {"date": "2014-10-08T10:43:17.370Z", "text": "due to be done (for the \"weekly\" schedule)", "task": 488, "complete": false}, "model": "main.status", "pk": 2942}, {"fields": {"date": "2014-10-06T07:29:39.725Z", "text": "closed", "task": 488, "complete": true}, "model": "main.status", "pk": 2943}, {"fields": {"date": "2014-10-03T07:04:32.804Z", "text": "due to be done (for the \"weekly\" schedule)", "task": 488, "complete": false}, "model": "main.status", "pk": 2944}, {"fields": {"date": "2014-10-02T00:00:00Z", "text": "closed", "task": 488, "complete": true}, "model": "main.status", "pk": 2945}, {"fields": {"date": "2014-09-24T00:00:00Z", "text": "closed", "task": 488, "complete": true}, "model": "main.status", "pk": 2946}, {"fields": {"date": "2014-09-18T15:53:51.132Z", "text": "closed", "task": 488, "complete": true}, "model": "main.status", "pk": 2947}, {"fields": {"date": "2014-09-18T07:11:55.104Z", "text": "due to be done (for the \"weekly\" schedule)", "task": 488, "complete": false}, "model": "main.status", "pk": 2948}, {"fields": {"date": "2014-09-15T10:18:34.893Z", "text": "closed", "task": 488, "complete": true}, "model": "main.status", "pk": 2949}, {"fields": {"date": "2014-09-15T10:14:34.473Z", "text": "due to be done (for the \"weekly\" schedule)", "task": 488, "complete": false}, "model": "main.status", "pk": 2950}, {"fields": {"date": "2014-09-11T00:00:00Z", "text": "closed", "task": 488, "complete": true}, "model": "main.status", "pk": 2951}, {"fields": {"date": "2014-09-03T12:32:10.420Z", "text": "closed", "task": 488, "complete": true}, "model": "main.status", "pk": 2952}, {"fields": {"date": "2014-09-02T07:32:30.967Z", "text": "due to be done (for the \"weekly\" schedule)", "task": 488, "complete": false}, "model": "main.status", "pk": 2953}, {"fields": {"date": "2014-08-28T00:00:00Z", "text": "closed", "task": 488, "complete": true}, "model": "main.status", "pk": 2954}, {"fields": {"date": "2014-08-21T10:35:39.190Z", "text": "closed", "task": 488, "complete": true}, "model": "main.status", "pk": 2955}, {"fields": {"date": "2014-08-14T00:00:00Z", "text": "closed", "task": 488, "complete": true}, "model": "main.status", "pk": 2956}, {"fields": {"date": "2014-08-07T07:08:10.351Z", "text": "due to be done (for the \"weekly\" schedule)", "task": 488, "complete": false}, "model": "main.status", "pk": 2957}, {"fields": {"date": "2014-08-06T00:00:00Z", "text": "closed", "task": 488, "complete": true}, "model": "main.status", "pk": 2958}, {"fields": {"date": "2014-07-30T11:56:26.511Z", "text": "closed", "task": 488, "complete": true}, "model": "main.status", "pk": 2959}, {"fields": {"date": "2014-07-25T07:46:51.110Z", "text": "due to be done (for the \"weekly\" schedule)", "task": 488, "complete": false}, "model": "main.status", "pk": 2960}, {"fields": {"date": "2014-07-22T08:04:57.497Z", "text": "closed", "task": 488, "complete": true}, "model": "main.status", "pk": 2961}, {"fields": {"date": "2014-07-22T00:00:00Z", "text": "closed", "task": 488, "complete": true}, "model": "main.status", "pk": 2962}, {"fields": {"date": "2014-07-14T08:22:03.128Z", "text": "due to be done (for the \"weekly\" schedule)", "task": 488, "complete": false}, "model": "main.status", "pk": 2963}, {"fields": {"date": "2014-07-08T07:06:02.628Z", "text": "closed", "task": 488, "complete": true}, "model": "main.status", "pk": 2964}, {"fields": {"date": "2014-07-03T00:00:00Z", "text": "closed", "task": 488, "complete": true}, "model": "main.status", "pk": 2965}, {"fields": {"date": "2014-06-26T07:10:41.769Z", "text": "due to be done (for the \"weekly\" schedule)", "task": 488, "complete": false}, "model": "main.status", "pk": 2966}, {"fields": {"date": "2014-06-23T13:09:12.179Z", "text": "closed", "task": 488, "complete": true}, "model": "main.status", "pk": 2967}, {"fields": {"date": "2014-06-23T07:13:23.677Z", "text": "due to be done (for the \"weekly\" schedule)", "task": 488, "complete": false}, "model": "main.status", "pk": 2968}, {"fields": {"date": "2014-06-17T00:00:00Z", "text": "closed", "task": 488, "complete": true}, "model": "main.status", "pk": 2969}, {"fields": {"date": "2014-06-12T12:33:27.676Z", "text": "closed", "task": 488, "complete": true}, "model": "main.status", "pk": 2970}, {"fields": {"date": "2014-06-12T09:19:43.135Z", "text": "due to be done (for the \"weekly\" schedule)", "task": 488, "complete": false}, "model": "main.status", "pk": 2971}, {"fields": {"date": "2014-06-05T10:00:59.123Z", "text": "closed", "task": 488, "complete": true}, "model": "main.status", "pk": 2972}, {"fields": {"date": "2014-06-05T09:57:40.402Z", "text": "due to be done (for the \"weekly\" schedule)", "task": 488, "complete": false}, "model": "main.status", "pk": 2973}, {"fields": {"date": "2014-06-02T08:34:56.861Z", "text": "closed", "task": 488, "complete": true}, "model": "main.status", "pk": 2974}, {"fields": {"date": "2014-05-28T07:19:30.685Z", "text": "due to be done (for the \"weekly\" schedule)", "task": 488, "complete": false}, "model": "main.status", "pk": 2975}, {"fields": {"date": "2014-05-26T12:36:13.085Z", "text": "closed", "task": 488, "complete": true}, "model": "main.status", "pk": 2976}, {"fields": {"date": "2014-05-26T09:16:10.383Z", "text": "due to be done (for the \"weekly\" schedule)", "task": 488, "complete": false}, "model": "main.status", "pk": 2977}, {"fields": {"date": "2014-05-19T07:10:46.111Z", "text": "closed", "task": 488, "complete": true}, "model": "main.status", "pk": 2978}, {"fields": {"date": "2014-05-15T07:03:41.221Z", "text": "due to be done (for the \"weekly\" schedule)", "task": 488, "complete": false}, "model": "main.status", "pk": 2979}, {"fields": {"date": "2014-05-12T07:05:30.018Z", "text": "closed", "task": 488, "complete": true}, "model": "main.status", "pk": 2980}, {"fields": {"date": "2014-05-09T00:00:00Z", "text": "closed", "task": 488, "complete": true}, "model": "main.status", "pk": 2981}, {"fields": {"date": "2014-05-07T07:10:34.068Z", "text": "due to be done (for the \"weekly\" schedule)", "task": 488, "complete": false}, "model": "main.status", "pk": 2982}, {"fields": {"date": "2014-04-30T11:09:05.833Z", "text": "closed", "task": 488, "complete": true}, "model": "main.status", "pk": 2983}, {"fields": {"date": "2014-04-30T07:16:49.377Z", "text": "due to be done (for the \"weekly\" schedule)", "task": 488, "complete": false}, "model": "main.status", "pk": 2984}, {"fields": {"date": "2014-04-24T13:45:22.608Z", "text": "'done'", "task": 488, "complete": true}, "model": "main.status", "pk": 2985}, {"fields": {"date": "2014-04-23T06:50:37.260Z", "text": "due to be done (for the \"weekly\" schedule)", "task": 488, "complete": false}, "model": "main.status", "pk": 2986}, {"fields": {"date": "2014-04-22T10:32:01.113Z", "text": "done", "task": 488, "complete": true}, "model": "main.status", "pk": 2987}, {"fields": {"date": "2014-04-17T07:06:40.652Z", "text": "due to be done (for the \"weekly\" schedule)", "task": 488, "complete": false}, "model": "main.status", "pk": 2988}, {"fields": {"date": "2014-04-15T13:30:20.236Z", "text": "done", "task": 488, "complete": true}, "model": "main.status", "pk": 2989}, {"fields": {"date": "2014-04-15T13:25:24.984Z", "text": "due to be done (for the \"weekly\" schedule)", "task": 488, "complete": false}, "model": "main.status", "pk": 2990}, {"fields": {"date": "2014-04-15T13:25:16.533Z", "text": "done", "task": 488, "complete": true}, "model": "main.status", "pk": 2991}, {"fields": {"date": "2015-01-28T00:00:00Z", "text": "closed", "task": 489, "complete": true}, "model": "main.status", "pk": 2992}, {"fields": {"date": "2015-01-16T15:07:11.680Z", "text": "closed", "task": 489, "complete": true}, "model": "main.status", "pk": 2993}, {"fields": {"date": "2015-01-08T13:47:27.628Z", "text": "due to be done (for the \"4-month\" schedule)", "task": 489, "complete": false}, "model": "main.status", "pk": 2994}, {"fields": {"date": "2014-12-29T00:00:00Z", "text": "closed", "task": 489, "complete": true}, "model": "main.status", "pk": 2995}, {"fields": {"date": "2014-12-09T00:00:00Z", "text": "closed", "task": 489, "complete": true}, "model": "main.status", "pk": 2996}, {"fields": {"date": "2014-08-21T10:35:39.190Z", "text": "closed", "task": 489, "complete": true}, "model": "main.status", "pk": 2997}, {"fields": {"date": "2014-08-18T09:42:38.080Z", "text": "due to be done (for the \"4-month\" schedule)", "task": 489, "complete": false}, "model": "main.status", "pk": 2998}, {"fields": {"date": "2014-04-17T07:52:08.070Z", "text": "", "task": 489, "complete": true}, "model": "main.status", "pk": 2999}, {"fields": {"date": "2014-04-15T12:58:31.414Z", "text": "due to be done (for the \"4-month\" schedule)", "task": 489, "complete": false}, "model": "main.status", "pk": 3000}, {"fields": {"date": "2014-04-15T12:58:31.414Z", "text": "done on import", "task": 489, "complete": true}, "model": "main.status", "pk": 3001}, {"fields": {"date": "2015-03-10T07:13:11.127Z", "text": "due to be done (for the \"bi-weekly\" schedule)", "task": 490, "complete": false}, "model": "main.status", "pk": 3002}, {"fields": {"date": "2015-03-04T00:00:00Z", "text": "closed", "task": 490, "complete": true}, "model": "main.status", "pk": 3003}, {"fields": {"date": "2015-02-18T00:00:00Z", "text": "closed", "task": 490, "complete": true}, "model": "main.status", "pk": 3004}, {"fields": {"date": "2015-02-09T09:29:38.361Z", "text": "due to be done (for the \"bi-weekly\" schedule)", "task": 490, "complete": false}, "model": "main.status", "pk": 3005}, {"fields": {"date": "2015-02-04T00:00:00Z", "text": "closed", "task": 490, "complete": true}, "model": "main.status", "pk": 3006}, {"fields": {"date": "2015-01-21T00:00:00Z", "text": "closed", "task": 490, "complete": true}, "model": "main.status", "pk": 3007}, {"fields": {"date": "2015-01-16T13:14:45.475Z", "text": "due to be done (for the \"bi-weekly\" schedule)", "task": 490, "complete": false}, "model": "main.status", "pk": 3008}, {"fields": {"date": "2015-01-08T00:00:00Z", "text": "closed", "task": 490, "complete": true}, "model": "main.status", "pk": 3009}, {"fields": {"date": "2014-12-23T00:00:00Z", "text": "closed", "task": 490, "complete": true}, "model": "main.status", "pk": 3010}, {"fields": {"date": "2014-12-09T00:00:00Z", "text": "closed", "task": 490, "complete": true}, "model": "main.status", "pk": 3011}, {"fields": {"date": "2014-11-24T14:25:02.858Z", "text": "due to be done (for the \"bi-weekly\" schedule)", "task": 490, "complete": false}, "model": "main.status", "pk": 3012}, {"fields": {"date": "2014-11-24T00:00:00Z", "text": "closed", "task": 490, "complete": true}, "model": "main.status", "pk": 3013}, {"fields": {"date": "2014-11-13T00:00:00Z", "text": "closed", "task": 490, "complete": true}, "model": "main.status", "pk": 3014}, {"fields": {"date": "2014-11-05T11:16:09.221Z", "text": "closed", "task": 490, "complete": true}, "model": "main.status", "pk": 3015}, {"fields": {"date": "2014-10-30T00:00:00Z", "text": "closed", "task": 490, "complete": true}, "model": "main.status", "pk": 3016}, {"fields": {"date": "2014-10-29T07:34:21.212Z", "text": "due to be done (for the \"bi-weekly\" schedule)", "task": 490, "complete": false}, "model": "main.status", "pk": 3017}, {"fields": {"date": "2014-10-17T10:08:17.539Z", "text": "closed", "task": 490, "complete": true}, "model": "main.status", "pk": 3018}, {"fields": {"date": "2014-10-14T00:00:00Z", "text": "closed", "task": 490, "complete": true}, "model": "main.status", "pk": 3019}, {"fields": {"date": "2014-10-13T08:54:56.700Z", "text": "due to be done (for the \"bi-weekly\" schedule)", "task": 490, "complete": false}, "model": "main.status", "pk": 3020}, {"fields": {"date": "2014-10-06T07:54:20.726Z", "text": "closed", "task": 490, "complete": true}, "model": "main.status", "pk": 3021}, {"fields": {"date": "2014-10-03T07:04:32.805Z", "text": "due to be done (for the \"bi-weekly\" schedule)", "task": 490, "complete": false}, "model": "main.status", "pk": 3022}, {"fields": {"date": "2014-10-01T00:00:00Z", "text": "closed", "task": 490, "complete": true}, "model": "main.status", "pk": 3023}, {"fields": {"date": "2014-09-15T10:18:34.893Z", "text": "closed", "task": 490, "complete": true}, "model": "main.status", "pk": 3024}, {"fields": {"date": "2014-09-05T00:00:00Z", "text": "closed", "task": 490, "complete": true}, "model": "main.status", "pk": 3025}, {"fields": {"date": "2014-09-02T07:32:30.968Z", "text": "due to be done (for the \"bi-weekly\" schedule)", "task": 490, "complete": false}, "model": "main.status", "pk": 3026}, {"fields": {"date": "2014-08-21T09:29:08.131Z", "text": "closed", "task": 490, "complete": true}, "model": "main.status", "pk": 3027}, {"fields": {"date": "2014-08-15T00:00:00Z", "text": "closed", "task": 490, "complete": true}, "model": "main.status", "pk": 3028}, {"fields": {"date": "2014-07-31T00:00:00Z", "text": "closed", "task": 490, "complete": true}, "model": "main.status", "pk": 3029}, {"fields": {"date": "2014-07-23T00:00:00Z", "text": "closed", "task": 490, "complete": true}, "model": "main.status", "pk": 3030}, {"fields": {"date": "2014-07-07T08:39:33.712Z", "text": "due to be done (for the \"bi-weekly\" schedule)", "task": 490, "complete": false}, "model": "main.status", "pk": 3031}, {"fields": {"date": "2014-07-01T00:00:00Z", "text": "closed", "task": 490, "complete": true}, "model": "main.status", "pk": 3032}, {"fields": {"date": "2014-06-23T07:13:23.677Z", "text": "due to be done (for the \"bi-weekly\" schedule)", "task": 490, "complete": false}, "model": "main.status", "pk": 3033}, {"fields": {"date": "2014-06-20T00:00:00Z", "text": "closed", "task": 490, "complete": true}, "model": "main.status", "pk": 3034}, {"fields": {"date": "2014-06-05T10:02:13.457Z", "text": "closed", "task": 490, "complete": true}, "model": "main.status", "pk": 3035}, {"fields": {"date": "2014-06-05T09:57:40.402Z", "text": "due to be done (for the \"bi-weekly\" schedule)", "task": 490, "complete": false}, "model": "main.status", "pk": 3036}, {"fields": {"date": "2014-05-26T09:25:18.558Z", "text": "closed", "task": 490, "complete": true}, "model": "main.status", "pk": 3037}, {"fields": {"date": "2015-03-05T08:12:06.283Z", "text": "due to be done (for the \"bi-weekly\" schedule)", "task": 491, "complete": false}, "model": "main.status", "pk": 3038}, {"fields": {"date": "2015-02-20T00:00:00Z", "text": "done on the 9th", "task": 491, "complete": true}, "model": "main.status", "pk": 3039}, {"fields": {"date": "2015-02-19T11:51:56.859Z", "text": "due to be done (for the \"bi-weekly\" schedule)", "task": 491, "complete": false}, "model": "main.status", "pk": 3040}, {"fields": {"date": "2015-02-09T13:13:22.934Z", "text": "closed", "task": 491, "complete": true}, "model": "main.status", "pk": 3041}, {"fields": {"date": "2015-02-05T08:05:49.661Z", "text": "due to be done (for the \"bi-weekly\" schedule)", "task": 491, "complete": false}, "model": "main.status", "pk": 3042}, {"fields": {"date": "2015-02-04T08:19:27.809Z", "text": "closed", "task": 491, "complete": true}, "model": "main.status", "pk": 3043}, {"fields": {"date": "2015-02-04T00:00:00Z", "text": "closed", "task": 491, "complete": true}, "model": "main.status", "pk": 3044}, {"fields": {"date": "2015-02-02T13:06:46.095Z", "text": "due to be done (for the \"bi-weekly\" schedule)", "task": 491, "complete": false}, "model": "main.status", "pk": 3045}, {"fields": {"date": "2015-01-22T08:19:27.809Z", "text": "closed", "task": 491, "complete": true}, "model": "main.status", "pk": 3046}, {"fields": {"date": "2015-01-16T13:06:46.095Z", "text": "due to be done (for the \"bi-weekly\" schedule)", "task": 491, "complete": false}, "model": "main.status", "pk": 3047}, {"fields": {"date": "2015-01-09T00:00:00Z", "text": "closed", "task": 491, "complete": true}, "model": "main.status", "pk": 3048}, {"fields": {"date": "2015-01-06T00:00:00Z", "text": "closed", "task": 491, "complete": true}, "model": "main.status", "pk": 3049}, {"fields": {"date": "2014-12-26T00:00:00Z", "text": "closed", "task": 491, "complete": true}, "model": "main.status", "pk": 3050}, {"fields": {"date": "2014-12-12T00:00:00Z", "text": "closed", "task": 491, "complete": true}, "model": "main.status", "pk": 3051}, {"fields": {"date": "2014-11-28T00:00:00Z", "text": "closed", "task": 491, "complete": true}, "model": "main.status", "pk": 3052}, {"fields": {"date": "2014-11-13T00:00:00Z", "text": "closed", "task": 491, "complete": true}, "model": "main.status", "pk": 3053}, {"fields": {"date": "2014-10-30T00:00:00Z", "text": "closed", "task": 491, "complete": true}, "model": "main.status", "pk": 3054}, {"fields": {"date": "2014-10-14T00:00:00Z", "text": "closed", "task": 491, "complete": true}, "model": "main.status", "pk": 3055}, {"fields": {"date": "2014-10-02T00:00:00Z", "text": "closed", "task": 491, "complete": true}, "model": "main.status", "pk": 3056}, {"fields": {"date": "2014-09-18T07:11:55.104Z", "text": "due to be done (for the \"bi-weekly\" schedule)", "task": 491, "complete": false}, "model": "main.status", "pk": 3057}, {"fields": {"date": "2014-09-15T10:18:34.893Z", "text": "closed", "task": 491, "complete": true}, "model": "main.status", "pk": 3058}, {"fields": {"date": "2014-09-15T10:14:34.473Z", "text": "due to be done (for the \"bi-weekly\" schedule)", "task": 491, "complete": false}, "model": "main.status", "pk": 3059}, {"fields": {"date": "2014-09-04T00:00:00Z", "text": "closed", "task": 491, "complete": true}, "model": "main.status", "pk": 3060}, {"fields": {"date": "2014-08-21T10:35:39.190Z", "text": "closed", "task": 491, "complete": true}, "model": "main.status", "pk": 3061}, {"fields": {"date": "2014-08-04T00:00:00Z", "text": "closed", "task": 491, "complete": true}, "model": "main.status", "pk": 3062}, {"fields": {"date": "2014-07-29T00:00:00Z", "text": "closed", "task": 491, "complete": true}, "model": "main.status", "pk": 3063}, {"fields": {"date": "2014-07-15T00:00:00Z", "text": "closed", "task": 491, "complete": true}, "model": "main.status", "pk": 3064}, {"fields": {"date": "2014-07-14T08:22:03.128Z", "text": "due to be done (for the \"bi-weekly\" schedule)", "task": 491, "complete": false}, "model": "main.status", "pk": 3065}, {"fields": {"date": "2014-07-01T11:36:53.977Z", "text": "closed", "task": 491, "complete": true}, "model": "main.status", "pk": 3066}, {"fields": {"date": "2014-06-19T00:00:00Z", "text": "closed", "task": 491, "complete": true}, "model": "main.status", "pk": 3067}, {"fields": {"date": "2014-06-12T09:19:43.135Z", "text": "due to be done (for the \"bi-weekly\" schedule)", "task": 491, "complete": false}, "model": "main.status", "pk": 3068}, {"fields": {"date": "2014-06-03T11:36:53.977Z", "text": "closed", "task": 491, "complete": true}, "model": "main.status", "pk": 3069}, {"fields": {"date": "2014-06-02T08:01:08.593Z", "text": "due to be done (for the \"bi-weekly\" schedule)", "task": 491, "complete": false}, "model": "main.status", "pk": 3070}, {"fields": {"date": "2014-05-19T07:10:56.941Z", "text": "closed", "task": 491, "complete": true}, "model": "main.status", "pk": 3071}, {"fields": {"date": "2014-05-15T07:03:41.221Z", "text": "due to be done (for the \"bi-weekly\" schedule)", "task": 491, "complete": false}, "model": "main.status", "pk": 3072}, {"fields": {"date": "2014-05-07T07:12:09.018Z", "text": "closed", "task": 491, "complete": true}, "model": "main.status", "pk": 3073}, {"fields": {"date": "2014-05-01T07:13:55.510Z", "text": "due to be done (for the \"bi-weekly\" schedule)", "task": 491, "complete": false}, "model": "main.status", "pk": 3074}, {"fields": {"date": "2014-04-22T10:30:54.292Z", "text": "cleaned all 3 filters", "task": 491, "complete": true}, "model": "main.status", "pk": 3075}, {"fields": {"date": "2015-03-19T09:22:38.766Z", "text": "closed", "task": 492, "complete": true}, "model": "main.status", "pk": 3076}, {"fields": {"date": "2015-03-09T15:05:41.525Z", "text": "due to be done (for the \"monthly\" schedule)", "task": 492, "complete": false}, "model": "main.status", "pk": 3077}, {"fields": {"date": "2015-02-09T13:13:22.934Z", "text": "closed", "task": 492, "complete": true}, "model": "main.status", "pk": 3078}, {"fields": {"date": "2015-02-09T08:46:32.121Z", "text": "due to be done (for the \"monthly\" schedule)", "task": 492, "complete": false}, "model": "main.status", "pk": 3079}, {"fields": {"date": "2015-01-20T07:26:04.525Z", "text": "closed", "task": 492, "complete": true}, "model": "main.status", "pk": 3080}, {"fields": {"date": "2015-01-08T13:47:27.628Z", "text": "due to be done (for the \"monthly\" schedule)", "task": 492, "complete": false}, "model": "main.status", "pk": 3081}, {"fields": {"date": "2014-12-08T08:20:46.055Z", "text": "closed", "task": 492, "complete": true}, "model": "main.status", "pk": 3082}, {"fields": {"date": "2014-12-08T08:19:59.849Z", "text": "due to be done (for the \"monthly\" schedule)", "task": 492, "complete": false}, "model": "main.status", "pk": 3083}, {"fields": {"date": "2014-12-03T14:44:59.398Z", "text": "closed", "task": 492, "complete": true}, "model": "main.status", "pk": 3084}, {"fields": {"date": "2014-11-24T14:25:02.858Z", "text": "due to be done (for the \"monthly\" schedule)", "task": 492, "complete": false}, "model": "main.status", "pk": 3085}, {"fields": {"date": "2014-11-21T00:00:00Z", "text": "closed", "task": 492, "complete": true}, "model": "main.status", "pk": 3086}, {"fields": {"date": "2014-10-07T08:26:15.240Z", "text": "closed", "task": 492, "complete": true}, "model": "main.status", "pk": 3087}, {"fields": {"date": "2014-10-06T07:24:34Z", "text": "due to be done (for the \"monthly\" schedule)", "task": 492, "complete": false}, "model": "main.status", "pk": 3088}, {"fields": {"date": "2014-09-15T10:18:34.893Z", "text": "closed", "task": 492, "complete": true}, "model": "main.status", "pk": 3089}, {"fields": {"date": "2014-08-19T00:00:00Z", "text": "closed", "task": 492, "complete": true}, "model": "main.status", "pk": 3090}, {"fields": {"date": "2014-08-12T09:12:50.612Z", "text": "due to be done (for the \"monthly\" schedule)", "task": 492, "complete": false}, "model": "main.status", "pk": 3091}, {"fields": {"date": "2014-07-08T07:05:43.251Z", "text": "closed", "task": 492, "complete": true}, "model": "main.status", "pk": 3092}, {"fields": {"date": "2014-07-07T08:09:59.011Z", "text": "due to be done (for the \"monthly\" schedule)", "task": 492, "complete": false}, "model": "main.status", "pk": 3093}, {"fields": {"date": "2014-06-10T07:02:29.795Z", "text": "closed", "task": 492, "complete": true}, "model": "main.status", "pk": 3094}, {"fields": {"date": "2014-06-06T07:05:02.264Z", "text": "due to be done (for the \"monthly\" schedule)", "task": 492, "complete": false}, "model": "main.status", "pk": 3095}, {"fields": {"date": "2014-05-07T07:11:54.264Z", "text": "shawn cleaned out the nozzles, everthing else looked good", "task": 492, "complete": true}, "model": "main.status", "pk": 3096}, {"fields": {"date": "2014-05-05T07:06:49.745Z", "text": "due to be done (for the \"monthly\" schedule)", "task": 492, "complete": false}, "model": "main.status", "pk": 3097}, {"fields": {"date": "2014-04-15T12:58:31.414Z", "text": "done on import", "task": 492, "complete": true}, "model": "main.status", "pk": 3098}, {"fields": {"date": "2015-03-05T08:12:56.972Z", "text": "closed", "task": 493, "complete": true}, "model": "main.status", "pk": 3099}, {"fields": {"date": "2015-03-05T07:43:30.074Z", "text": "due to be done (for the \"monthly\" schedule)", "task": 493, "complete": false}, "model": "main.status", "pk": 3100}, {"fields": {"date": "2015-02-09T08:50:06.318Z", "text": "closed", "task": 493, "complete": true}, "model": "main.status", "pk": 3101}, {"fields": {"date": "2015-02-05T08:05:49.661Z", "text": "due to be done (for the \"monthly\" schedule)", "task": 493, "complete": false}, "model": "main.status", "pk": 3102}, {"fields": {"date": "2015-01-09T13:42:52.327Z", "text": "closed", "task": 493, "complete": true}, "model": "main.status", "pk": 3103}, {"fields": {"date": "2015-01-08T13:47:27.628Z", "text": "due to be done (for the \"monthly\" schedule)", "task": 493, "complete": false}, "model": "main.status", "pk": 3104}, {"fields": {"date": "2014-12-04T08:11:08.903Z", "text": "closed", "task": 493, "complete": true}, "model": "main.status", "pk": 3105}, {"fields": {"date": "2014-12-04T07:39:19.813Z", "text": "due to be done (for the \"monthly\" schedule)", "task": 493, "complete": false}, "model": "main.status", "pk": 3106}, {"fields": {"date": "2014-11-26T11:37:47.517Z", "text": "closed", "task": 493, "complete": true}, "model": "main.status", "pk": 3107}, {"fields": {"date": "2014-11-24T14:25:02.858Z", "text": "due to be done (for the \"monthly\" schedule)", "task": 493, "complete": false}, "model": "main.status", "pk": 3108}, {"fields": {"date": "2014-10-06T07:54:40.717Z", "text": "closed", "task": 493, "complete": true}, "model": "main.status", "pk": 3109}, {"fields": {"date": "2014-10-03T07:04:32.805Z", "text": "due to be done (for the \"monthly\" schedule)", "task": 493, "complete": false}, "model": "main.status", "pk": 3110}, {"fields": {"date": "2014-09-18T07:15:04.394Z", "text": "closed", "task": 493, "complete": true}, "model": "main.status", "pk": 3111}, {"fields": {"date": "2014-09-15T10:14:34.473Z", "text": "due to be done (for the \"monthly\" schedule)", "task": 493, "complete": false}, "model": "main.status", "pk": 3112}, {"fields": {"date": "2014-08-21T10:35:39.190Z", "text": "closed", "task": 493, "complete": true}, "model": "main.status", "pk": 3113}, {"fields": {"date": "2014-08-05T07:53:51.237Z", "text": "due to be done (for the \"monthly\" schedule)", "task": 493, "complete": false}, "model": "main.status", "pk": 3114}, {"fields": {"date": "2014-07-30T07:23:07.394Z", "text": "closed", "task": 493, "complete": true}, "model": "main.status", "pk": 3115}, {"fields": {"date": "2014-07-07T08:09:59.011Z", "text": "due to be done (for the \"monthly\" schedule)", "task": 493, "complete": false}, "model": "main.status", "pk": 3116}, {"fields": {"date": "2014-06-12T13:47:40.080Z", "text": "closed", "task": 493, "complete": true}, "model": "main.status", "pk": 3117}, {"fields": {"date": "2014-06-05T09:57:40.402Z", "text": "due to be done (for the \"monthly\" schedule)", "task": 493, "complete": false}, "model": "main.status", "pk": 3118}, {"fields": {"date": "2014-05-08T07:08:53.223Z", "text": "closed", "task": 493, "complete": true}, "model": "main.status", "pk": 3119}, {"fields": {"date": "2014-05-05T07:06:49.745Z", "text": "due to be done (for the \"monthly\" schedule)", "task": 493, "complete": false}, "model": "main.status", "pk": 3120}, {"fields": {"date": "2014-04-15T12:58:31.414Z", "text": "done on import", "task": 493, "complete": true}, "model": "main.status", "pk": 3121}, {"fields": {"date": "2015-03-04T15:09:53.291Z", "text": "due to be done (for the \"monthly\" schedule)", "task": 494, "complete": false}, "model": "main.status", "pk": 3122}, {"fields": {"date": "2015-02-19T00:00:00Z", "text": "closed", "task": 494, "complete": true}, "model": "main.status", "pk": 3123}, {"fields": {"date": "2015-02-05T08:05:49.662Z", "text": "due to be done (for the \"monthly\" schedule)", "task": 494, "complete": false}, "model": "main.status", "pk": 3124}, {"fields": {"date": "2015-01-20T08:15:41.383Z", "text": "closed", "task": 494, "complete": true}, "model": "main.status", "pk": 3125}, {"fields": {"date": "2015-01-08T13:47:27.628Z", "text": "due to be done (for the \"monthly\" schedule)", "task": 494, "complete": false}, "model": "main.status", "pk": 3126}, {"fields": {"date": "2014-12-04T07:40:20.038Z", "text": "closed", "task": 494, "complete": true}, "model": "main.status", "pk": 3127}, {"fields": {"date": "2014-11-10T00:00:00Z", "text": "closed", "task": 494, "complete": true}, "model": "main.status", "pk": 3128}, {"fields": {"date": "2014-11-03T07:48:43.607Z", "text": "due to be done (for the \"monthly\" schedule)", "task": 494, "complete": false}, "model": "main.status", "pk": 3129}, {"fields": {"date": "2014-10-06T07:54:47.426Z", "text": "closed", "task": 494, "complete": true}, "model": "main.status", "pk": 3130}, {"fields": {"date": "2014-10-03T07:04:32.805Z", "text": "due to be done (for the \"monthly\" schedule)", "task": 494, "complete": false}, "model": "main.status", "pk": 3131}, {"fields": {"date": "2014-09-15T10:18:34.893Z", "text": "closed", "task": 494, "complete": true}, "model": "main.status", "pk": 3132}, {"fields": {"date": "2014-09-03T11:55:24.301Z", "text": "due to be done (for the \"monthly\" schedule)", "task": 494, "complete": false}, "model": "main.status", "pk": 3133}, {"fields": {"date": "2014-08-27T00:00:00Z", "text": "closed", "task": 494, "complete": true}, "model": "main.status", "pk": 3134}, {"fields": {"date": "2014-07-30T11:55:22.588Z", "text": "closed", "task": 494, "complete": true}, "model": "main.status", "pk": 3135}, {"fields": {"date": "2014-07-07T08:09:59.011Z", "text": "due to be done (for the \"monthly\" schedule)", "task": 494, "complete": false}, "model": "main.status", "pk": 3136}, {"fields": {"date": "2014-06-12T12:33:15.233Z", "text": "closed", "task": 494, "complete": true}, "model": "main.status", "pk": 3137}, {"fields": {"date": "2014-06-05T09:57:40.402Z", "text": "due to be done (for the \"monthly\" schedule)", "task": 494, "complete": false}, "model": "main.status", "pk": 3138}, {"fields": {"date": "2014-06-03T11:37:16.831Z", "text": "closed", "task": 494, "complete": true}, "model": "main.status", "pk": 3139}, {"fields": {"date": "2014-05-22T00:00:00Z", "text": "closed", "task": 494, "complete": true}, "model": "main.status", "pk": 3140}, {"fields": {"date": "2014-05-02T07:58:48.256Z", "text": "due to be done (for the \"monthly\" schedule)", "task": 494, "complete": false}, "model": "main.status", "pk": 3141}, {"fields": {"date": "2014-04-15T12:58:31.414Z", "text": "done on import", "task": 494, "complete": true}, "model": "main.status", "pk": 3142}, {"fields": {"date": "2015-03-25T15:03:38.799Z", "text": "due to be done (for the \"monthly\" schedule)", "task": 495, "complete": false}, "model": "main.status", "pk": 3143}, {"fields": {"date": "2015-02-25T00:00:00Z", "text": "closed", "task": 495, "complete": true}, "model": "main.status", "pk": 3144}, {"fields": {"date": "2015-02-23T07:50:56.613Z", "text": "due to be done (for the \"monthly\" schedule)", "task": 495, "complete": false}, "model": "main.status", "pk": 3145}, {"fields": {"date": "2015-01-28T14:53:53.399Z", "text": "closed", "task": 495, "complete": true}, "model": "main.status", "pk": 3146}, {"fields": {"date": "2015-01-22T08:17:24.395Z", "text": "due to be done (for the \"monthly\" schedule)", "task": 495, "complete": false}, "model": "main.status", "pk": 3147}, {"fields": {"date": "2015-01-09T13:42:52.327Z", "text": "closed", "task": 495, "complete": true}, "model": "main.status", "pk": 3148}, {"fields": {"date": "2015-01-08T13:47:27.628Z", "text": "due to be done (for the \"monthly\" schedule)", "task": 495, "complete": false}, "model": "main.status", "pk": 3149}, {"fields": {"date": "2014-12-17T00:00:00Z", "text": "closed", "task": 495, "complete": true}, "model": "main.status", "pk": 3150}, {"fields": {"date": "2014-11-26T11:33:43.859Z", "text": "closed", "task": 495, "complete": true}, "model": "main.status", "pk": 3151}, {"fields": {"date": "2014-11-24T14:25:02.858Z", "text": "due to be done (for the \"monthly\" schedule)", "task": 495, "complete": false}, "model": "main.status", "pk": 3152}, {"fields": {"date": "2014-10-30T07:47:02.260Z", "text": "closed", "task": 495, "complete": true}, "model": "main.status", "pk": 3153}, {"fields": {"date": "2014-10-22T07:30:08.873Z", "text": "due to be done (for the \"monthly\" schedule)", "task": 495, "complete": false}, "model": "main.status", "pk": 3154}, {"fields": {"date": "2014-10-06T07:46:17.298Z", "text": "closed", "task": 495, "complete": true}, "model": "main.status", "pk": 3155}, {"fields": {"date": "2014-09-11T00:00:00Z", "text": "closed", "task": 495, "complete": true}, "model": "main.status", "pk": 3156}, {"fields": {"date": "2014-09-02T07:32:30.968Z", "text": "due to be done (for the \"monthly\" schedule)", "task": 495, "complete": false}, "model": "main.status", "pk": 3157}, {"fields": {"date": "2014-07-30T11:56:23.699Z", "text": "closed", "task": 495, "complete": true}, "model": "main.status", "pk": 3158}, {"fields": {"date": "2014-07-22T08:02:47.449Z", "text": "due to be done (for the \"monthly\" schedule)", "task": 495, "complete": false}, "model": "main.status", "pk": 3159}, {"fields": {"date": "2014-06-23T13:09:50.768Z", "text": "closed", "task": 495, "complete": true}, "model": "main.status", "pk": 3160}, {"fields": {"date": "2014-06-23T07:13:23.677Z", "text": "due to be done (for the \"monthly\" schedule)", "task": 495, "complete": false}, "model": "main.status", "pk": 3161}, {"fields": {"date": "2014-06-03T11:37:07.596Z", "text": "closed", "task": 495, "complete": true}, "model": "main.status", "pk": 3162}, {"fields": {"date": "2014-05-23T12:09:59.447Z", "text": "due to be done (for the \"monthly\" schedule)", "task": 495, "complete": false}, "model": "main.status", "pk": 3163}, {"fields": {"date": "2014-05-12T07:05:22.592Z", "text": "closed", "task": 495, "complete": true}, "model": "main.status", "pk": 3164}, {"fields": {"date": "2014-04-22T10:28:40.529Z", "text": "due to be done (for the \"monthly\" schedule)", "task": 495, "complete": false}, "model": "main.status", "pk": 3165}, {"fields": {"date": "2014-04-17T07:52:08.070Z", "text": "", "task": 495, "complete": true}, "model": "main.status", "pk": 3166}, {"fields": {"date": "2014-04-15T12:58:31.414Z", "text": "due to be done (for the \"monthly\" schedule)", "task": 495, "complete": false}, "model": "main.status", "pk": 3167}, {"fields": {"date": "2014-04-15T12:58:31.414Z", "text": "done on import", "task": 495, "complete": true}, "model": "main.status", "pk": 3168}, {"fields": {"date": "2015-03-31T09:35:29.455Z", "text": "due to be done (for the \"monthly\" schedule)", "task": 496, "complete": false}, "model": "main.status", "pk": 3169}, {"fields": {"date": "2015-03-03T00:00:00Z", "text": "closed", "task": 496, "complete": true}, "model": "main.status", "pk": 3170}, {"fields": {"date": "2015-03-02T09:50:21.427Z", "text": "due to be done (for the \"monthly\" schedule)", "task": 496, "complete": false}, "model": "main.status", "pk": 3171}, {"fields": {"date": "2015-01-29T08:13:51.355Z", "text": "done this month already", "task": 496, "complete": true}, "model": "main.status", "pk": 3172}, {"fields": {"date": "2015-01-29T07:45:03.999Z", "text": "due to be done (for the \"monthly\" schedule)", "task": 496, "complete": false}, "model": "main.status", "pk": 3173}, {"fields": {"date": "2015-01-20T07:24:57.820Z", "text": "closed", "task": 496, "complete": true}, "model": "main.status", "pk": 3174}, {"fields": {"date": "2015-01-08T13:47:27.628Z", "text": "due to be done (for the \"monthly\" schedule)", "task": 496, "complete": false}, "model": "main.status", "pk": 3175}, {"fields": {"date": "2014-12-03T14:44:59.398Z", "text": "closed", "task": 496, "complete": true}, "model": "main.status", "pk": 3176}, {"fields": {"date": "2014-12-02T07:30:18.687Z", "text": "due to be done (for the \"monthly\" schedule)", "task": 496, "complete": false}, "model": "main.status", "pk": 3177}, {"fields": {"date": "2014-10-31T07:14:36.193Z", "text": "closed", "task": 496, "complete": true}, "model": "main.status", "pk": 3178}, {"fields": {"date": "2014-10-29T07:34:21.212Z", "text": "due to be done (for the \"monthly\" schedule)", "task": 496, "complete": false}, "model": "main.status", "pk": 3179}, {"fields": {"date": "2014-10-07T08:26:15.240Z", "text": "closed", "task": 496, "complete": true}, "model": "main.status", "pk": 3180}, {"fields": {"date": "2014-10-03T07:04:32.805Z", "text": "due to be done (for the \"monthly\" schedule)", "task": 496, "complete": false}, "model": "main.status", "pk": 3181}, {"fields": {"date": "2014-09-18T07:15:04.394Z", "text": "closed", "task": 496, "complete": true}, "model": "main.status", "pk": 3182}, {"fields": {"date": "2014-09-02T07:32:30.968Z", "text": "due to be done (for the \"monthly\" schedule)", "task": 496, "complete": false}, "model": "main.status", "pk": 3183}, {"fields": {"date": "2014-07-30T11:56:32.782Z", "text": "closed", "task": 496, "complete": true}, "model": "main.status", "pk": 3184}, {"fields": {"date": "2014-07-30T07:16:28.177Z", "text": "due to be done (for the \"monthly\" schedule)", "task": 496, "complete": false}, "model": "main.status", "pk": 3185}, {"fields": {"date": "2014-07-08T07:06:27.151Z", "text": "closed", "task": 496, "complete": true}, "model": "main.status", "pk": 3186}, {"fields": {"date": "2014-06-30T10:15:23.797Z", "text": "due to be done (for the \"monthly\" schedule)", "task": 496, "complete": false}, "model": "main.status", "pk": 3187}, {"fields": {"date": "2014-06-02T14:28:31.459Z", "text": "filter good due to early change.  Waiting until next month", "task": 496, "complete": true}, "model": "main.status", "pk": 3188}, {"fields": {"date": "2014-06-02T08:01:08.593Z", "text": "due to be done (for the \"monthly\" schedule)", "task": 496, "complete": false}, "model": "main.status", "pk": 3189}, {"fields": {"date": "2014-04-30T11:08:51.511Z", "text": "closed", "task": 496, "complete": true}, "model": "main.status", "pk": 3190}, {"fields": {"date": "2014-04-29T11:02:47.419Z", "text": "will get filters from hardware store", "task": 496, "complete": false}, "model": "main.status", "pk": 3191}, {"fields": {"date": "2014-04-15T12:58:31.415Z", "text": "due to be done (for the \"monthly\" schedule)", "task": 496, "complete": false}, "model": "main.status", "pk": 3192}, {"fields": {"date": "2014-04-15T12:58:31.414Z", "text": "done on import", "task": 496, "complete": true}, "model": "main.status", "pk": 3193}, {"fields": {"date": "2015-03-18T11:40:53.978Z", "text": "closed", "task": 497, "complete": true}, "model": "main.status", "pk": 3194}, {"fields": {"date": "2015-03-17T13:31:21.944Z", "text": "due to be done (for the \"monthly\" schedule)", "task": 497, "complete": false}, "model": "main.status", "pk": 3195}, {"fields": {"date": "2015-02-20T00:00:00Z", "text": "done on the 12th", "task": 497, "complete": true}, "model": "main.status", "pk": 3196}, {"fields": {"date": "2015-02-19T11:51:56.859Z", "text": "due to be done (for the \"monthly\" schedule)", "task": 497, "complete": false}, "model": "main.status", "pk": 3197}, {"fields": {"date": "2015-02-12T00:00:00Z", "text": "closed", "task": 497, "complete": true}, "model": "main.status", "pk": 3198}, {"fields": {"date": "2015-01-22T08:34:48.901Z", "text": "closed", "task": 497, "complete": true}, "model": "main.status", "pk": 3199}, {"fields": {"date": "2015-01-15T07:26:05.851Z", "text": "due to be done (for the \"monthly\" schedule)", "task": 497, "complete": false}, "model": "main.status", "pk": 3200}, {"fields": {"date": "2015-01-09T13:42:52.327Z", "text": "closed", "task": 497, "complete": true}, "model": "main.status", "pk": 3201}, {"fields": {"date": "2014-12-24T00:00:00Z", "text": "closed", "task": 497, "complete": true}, "model": "main.status", "pk": 3202}, {"fields": {"date": "2014-12-16T09:18:56.914Z", "text": "due to be done (for the \"monthly\" schedule)", "task": 497, "complete": false}, "model": "main.status", "pk": 3203}, {"fields": {"date": "2014-11-26T11:37:05.109Z", "text": "closed", "task": 497, "complete": true}, "model": "main.status", "pk": 3204}, {"fields": {"date": "2014-11-24T14:25:02.858Z", "text": "due to be done (for the \"monthly\" schedule)", "task": 497, "complete": false}, "model": "main.status", "pk": 3205}, {"fields": {"date": "2014-10-17T10:09:33.989Z", "text": "closed", "task": 497, "complete": true}, "model": "main.status", "pk": 3206}, {"fields": {"date": "2014-10-17T10:01:03.307Z", "text": "due to be done (for the \"monthly\" schedule)", "task": 497, "complete": false}, "model": "main.status", "pk": 3207}, {"fields": {"date": "2014-09-18T07:15:04.394Z", "text": "closed", "task": 497, "complete": true}, "model": "main.status", "pk": 3208}, {"fields": {"date": "2014-09-16T14:39:29.415Z", "text": "due to be done (for the \"monthly\" schedule)", "task": 497, "complete": false}, "model": "main.status", "pk": 3209}, {"fields": {"date": "2014-09-15T10:18:34.893Z", "text": "closed", "task": 497, "complete": true}, "model": "main.status", "pk": 3210}, {"fields": {"date": "2014-08-14T00:00:00Z", "text": "closed", "task": 497, "complete": true}, "model": "main.status", "pk": 3211}, {"fields": {"date": "2014-07-16T07:25:36.063Z", "text": "due to be done (for the \"monthly\" schedule)", "task": 497, "complete": false}, "model": "main.status", "pk": 3212}, {"fields": {"date": "2014-07-01T11:37:30.357Z", "text": "closed", "task": 497, "complete": true}, "model": "main.status", "pk": 3213}, {"fields": {"date": "2014-06-16T14:19:12.753Z", "text": "due to be done (for the \"monthly\" schedule)", "task": 497, "complete": false}, "model": "main.status", "pk": 3214}, {"fields": {"date": "2014-06-03T11:37:30.357Z", "text": "closed", "task": 497, "complete": true}, "model": "main.status", "pk": 3215}, {"fields": {"date": "2015-03-25T15:12:25.441Z", "text": "closed", "task": 500, "complete": true}, "model": "main.status", "pk": 3216}, {"fields": {"date": "2015-02-19T11:51:56.859Z", "text": "due to be done (for the \"2-month\" schedule)", "task": 500, "complete": false}, "model": "main.status", "pk": 3217}, {"fields": {"date": "2015-01-20T08:15:41.383Z", "text": "closed", "task": 500, "complete": true}, "model": "main.status", "pk": 3218}, {"fields": {"date": "2014-12-16T09:18:56.914Z", "text": "due to be done (for the \"2-month\" schedule)", "task": 500, "complete": false}, "model": "main.status", "pk": 3219}, {"fields": {"date": "2014-12-16T00:00:00Z", "text": "closed", "task": 500, "complete": true}, "model": "main.status", "pk": 3220}, {"fields": {"date": "2014-10-22T07:30:16.966Z", "text": "closed", "task": 500, "complete": true}, "model": "main.status", "pk": 3221}, {"fields": {"date": "2014-10-08T10:49:34.214Z", "text": "waiting on new water filters since last replacement", "task": 500, "complete": false}, "model": "main.status", "pk": 3222}, {"fields": {"date": "2014-09-15T10:14:34.474Z", "text": "due to be done (for the \"monthly\" schedule)", "task": 500, "complete": false}, "model": "main.status", "pk": 3223}, {"fields": {"date": "2014-08-18T09:42:57.330Z", "text": "done earlier this month", "task": 500, "complete": true}, "model": "main.status", "pk": 3224}, {"fields": {"date": "2014-06-16T14:19:12.753Z", "text": "due to be done (for the \"monthly\" schedule)", "task": 500, "complete": false}, "model": "main.status", "pk": 3225}, {"fields": {"date": "2014-05-15T14:19:44.769Z", "text": "closed", "task": 500, "complete": true}, "model": "main.status", "pk": 3226}, {"fields": {"date": "2014-05-15T07:03:41.222Z", "text": "due to be done (for the \"monthly\" schedule)", "task": 500, "complete": false}, "model": "main.status", "pk": 3227}, {"fields": {"date": "2014-04-28T10:11:22.517Z", "text": "complete", "task": 500, "complete": true}, "model": "main.status", "pk": 3228}, {"fields": {"date": "2015-03-02T10:00:16.335Z", "text": "due to be done (for the \"monthly\" schedule)", "task": 501, "complete": false}, "model": "main.status", "pk": 3229}, {"fields": {"date": "2015-02-04T00:00:00Z", "text": "closed", "task": 501, "complete": true}, "model": "main.status", "pk": 3230}, {"fields": {"date": "2015-02-02T10:03:09.896Z", "text": "due to be done (for the \"monthly\" schedule)", "task": 501, "complete": false}, "model": "main.status", "pk": 3231}, {"fields": {"date": "2015-01-22T08:19:27.809Z", "text": "closed", "task": 501, "complete": true}, "model": "main.status", "pk": 3232}, {"fields": {"date": "2015-01-16T13:21:20.140Z", "text": "due to be done (for the \"monthly\" schedule)", "task": 501, "complete": false}, "model": "main.status", "pk": 3233}, {"fields": {"date": "2015-01-13T00:00:00Z", "text": "closed", "task": 501, "complete": true}, "model": "main.status", "pk": 3234}, {"fields": {"date": "2014-12-04T00:00:00Z", "text": "closed", "task": 501, "complete": true}, "model": "main.status", "pk": 3235}, {"fields": {"date": "2014-11-17T00:00:00Z", "text": "closed", "task": 501, "complete": true}, "model": "main.status", "pk": 3236}, {"fields": {"date": "2014-10-29T00:00:00Z", "text": "closed", "task": 501, "complete": true}, "model": "main.status", "pk": 3237}, {"fields": {"date": "2014-10-03T07:04:32.805Z", "text": "due to be done (for the \"monthly\" schedule)", "task": 501, "complete": false}, "model": "main.status", "pk": 3238}, {"fields": {"date": "2014-09-15T10:18:34.893Z", "text": "closed", "task": 501, "complete": true}, "model": "main.status", "pk": 3239}, {"fields": {"date": "2014-09-02T07:32:30.968Z", "text": "due to be done (for the \"monthly\" schedule)", "task": 501, "complete": false}, "model": "main.status", "pk": 3240}, {"fields": {"date": "2014-08-12T09:13:00.527Z", "text": "closed", "task": 501, "complete": true}, "model": "main.status", "pk": 3241}, {"fields": {"date": "2014-07-09T00:00:00Z", "text": "closed", "task": 501, "complete": true}, "model": "main.status", "pk": 3242}, {"fields": {"date": "2014-07-07T08:09:59.011Z", "text": "due to be done (for the \"monthly\" schedule)", "task": 501, "complete": false}, "model": "main.status", "pk": 3243}, {"fields": {"date": "2014-06-03T11:36:56.192Z", "text": "closed", "task": 501, "complete": true}, "model": "main.status", "pk": 3244}, {"fields": {"date": "2014-06-02T08:01:08.593Z", "text": "due to be done (for the \"monthly\" schedule)", "task": 501, "complete": false}, "model": "main.status", "pk": 3245}, {"fields": {"date": "2014-05-07T07:11:26.994Z", "text": "did 3 main ones.  Other ones should be done next time", "task": 501, "complete": true}, "model": "main.status", "pk": 3246}, {"fields": {"date": "2014-04-22T10:31:34.169Z", "text": "really dusty", "task": 501, "complete": false}, "model": "main.status", "pk": 3247}, {"fields": {"date": "2015-03-09T15:05:41.525Z", "text": "due to be done (for the \"monthly\" schedule)", "task": 502, "complete": false}, "model": "main.status", "pk": 3248}, {"fields": {"date": "2015-02-27T00:00:00Z", "text": "closed", "task": 502, "complete": true}, "model": "main.status", "pk": 3249}, {"fields": {"date": "2015-02-09T08:46:32.122Z", "text": "due to be done (for the \"monthly\" schedule)", "task": 502, "complete": false}, "model": "main.status", "pk": 3250}, {"fields": {"date": "2015-01-19T00:00:00Z", "text": "closed", "task": 502, "complete": true}, "model": "main.status", "pk": 3251}, {"fields": {"date": "2015-01-08T13:47:27.628Z", "text": "due to be done (for the \"monthly\" schedule)", "task": 502, "complete": false}, "model": "main.status", "pk": 3252}, {"fields": {"date": "2014-12-03T14:44:59.398Z", "text": "closed", "task": 502, "complete": true}, "model": "main.status", "pk": 3253}, {"fields": {"date": "2014-11-24T14:25:02.858Z", "text": "due to be done (for the \"monthly\" schedule)", "task": 502, "complete": false}, "model": "main.status", "pk": 3254}, {"fields": {"date": "2014-11-12T00:00:00Z", "text": "closed", "task": 502, "complete": true}, "model": "main.status", "pk": 3255}, {"fields": {"date": "2014-10-17T10:06:09.816Z", "text": "closed", "task": 502, "complete": true}, "model": "main.status", "pk": 3256}, {"fields": {"date": "2014-10-07T08:05:05.045Z", "text": "due to be done (for the \"monthly\" schedule)", "task": 502, "complete": false}, "model": "main.status", "pk": 3257}, {"fields": {"date": "2014-09-15T10:18:34.893Z", "text": "closed", "task": 502, "complete": true}, "model": "main.status", "pk": 3258}, {"fields": {"date": "2014-08-21T00:00:00Z", "text": "closed", "task": 502, "complete": true}, "model": "main.status", "pk": 3259}, {"fields": {"date": "2014-08-07T07:08:10.351Z", "text": "due to be done (for the \"monthly\" schedule)", "task": 502, "complete": false}, "model": "main.status", "pk": 3260}, {"fields": {"date": "2014-07-22T08:04:48.947Z", "text": "closed", "task": 502, "complete": true}, "model": "main.status", "pk": 3261}, {"fields": {"date": "2014-07-07T08:09:59.011Z", "text": "due to be done (for the \"monthly\" schedule)", "task": 502, "complete": false}, "model": "main.status", "pk": 3262}, {"fields": {"date": "2014-06-10T07:02:09.466Z", "text": "closed", "task": 502, "complete": true}, "model": "main.status", "pk": 3263}, {"fields": {"date": "2014-05-19T00:00:00Z", "text": "closed", "task": 502, "complete": true}, "model": "main.status", "pk": 3264}, {"fields": {"date": "2014-05-07T07:10:34.069Z", "text": "due to be done (for the \"monthly\" schedule)", "task": 502, "complete": false}, "model": "main.status", "pk": 3265}, {"fields": {"date": "2014-04-15T12:58:31.413Z", "text": "done on import", "task": 502, "complete": true}, "model": "main.status", "pk": 3266}, {"fields": {"date": "2014-10-17T10:11:53.549Z", "text": "closed", "task": 503, "complete": true}, "model": "main.status", "pk": 3267}, {"fields": {"date": "2014-10-03T07:04:32.805Z", "text": "due to be done (for the \"bi-annually\" schedule)", "task": 503, "complete": false}, "model": "main.status", "pk": 3268}, {"fields": {"date": "2014-05-26T09:24:45.419Z", "text": "closed", "task": 503, "complete": true}, "model": "main.status", "pk": 3269}, {"fields": {"date": "2014-10-30T07:52:36.822Z", "text": "closed", "task": 504, "complete": true}, "model": "main.status", "pk": 3270}, {"fields": {"date": "2014-10-29T07:34:21.212Z", "text": "due to be done (for the \"bi-annually\" schedule)", "task": 504, "complete": false}, "model": "main.status", "pk": 3271}, {"fields": {"date": "2014-05-26T09:25:10.498Z", "text": "closed", "task": 504, "complete": true}, "model": "main.status", "pk": 3272}, {"fields": {"date": "2014-10-30T07:52:59.938Z", "text": "closed", "task": 505, "complete": true}, "model": "main.status", "pk": 3273}, {"fields": {"date": "2014-10-29T07:34:21.212Z", "text": "due to be done (for the \"bi-annually\" schedule)", "task": 505, "complete": false}, "model": "main.status", "pk": 3274}, {"fields": {"date": "2014-05-26T09:27:52.988Z", "text": "closed", "task": 505, "complete": true}, "model": "main.status", "pk": 3275}, {"fields": {"date": "2014-10-31T07:14:42.375Z", "text": "closed", "task": 506, "complete": true}, "model": "main.status", "pk": 3276}, {"fields": {"date": "2014-10-29T07:34:21.212Z", "text": "due to be done (for the \"bi-annually\" schedule)", "task": 506, "complete": false}, "model": "main.status", "pk": 3277}, {"fields": {"date": "2014-05-05T07:20:34.064Z", "text": "closed", "task": 506, "complete": true}, "model": "main.status", "pk": 3278}, {"fields": {"date": "2014-05-05T07:13:09.467Z", "text": "closed", "task": 506, "complete": true}, "model": "main.status", "pk": 3279}, {"fields": {"date": "2014-04-23T06:50:37.260Z", "text": "due to be done (for the \"bi-annually\" schedule)", "task": 506, "complete": false}, "model": "main.status", "pk": 3280}, {"fields": {"date": "2014-04-22T15:05:48.658Z", "text": "done", "task": 506, "complete": true}, "model": "main.status", "pk": 3281}, {"fields": {"date": "2014-10-31T07:14:21.869Z", "text": "closed", "task": 507, "complete": true}, "model": "main.status", "pk": 3282}, {"fields": {"date": "2014-10-22T07:30:08.873Z", "text": "due to be done (for the \"bi-annually\" schedule)", "task": 507, "complete": false}, "model": "main.status", "pk": 3283}, {"fields": {"date": "2014-04-22T15:06:42.819Z", "text": "done", "task": 507, "complete": true}, "model": "main.status", "pk": 3284}, {"fields": {"date": "2014-04-21T08:15:13.259Z", "text": "due to be done (for the \"bi-annually\" schedule)", "task": 507, "complete": false}, "model": "main.status", "pk": 3285}, {"fields": {"date": "2014-04-17T07:52:08.070Z", "text": "", "task": 507, "complete": true}, "model": "main.status", "pk": 3286}, {"fields": {"date": "2015-04-17T07:10:00.689Z", "text": "due to be done (for the \"yearly\" schedule)", "task": 508, "complete": false}, "model": "main.status", "pk": 3287}, {"fields": {"date": "2014-06-05T09:58:23.037Z", "text": "closed", "task": 508, "complete": true}, "model": "main.status", "pk": 3288}, {"fields": {"date": "2015-01-21T00:00:00Z", "text": "closed", "task": 509, "complete": true}, "model": "main.status", "pk": 3289}, {"fields": {"date": "2015-01-12T07:13:15.927Z", "text": "due to be done (for the \"3-month\" schedule)", "task": 509, "complete": false}, "model": "main.status", "pk": 3290}, {"fields": {"date": "2014-10-30T07:45:52.232Z", "text": "closed", "task": 509, "complete": true}, "model": "main.status", "pk": 3291}, {"fields": {"date": "2014-10-13T08:54:56.702Z", "text": "due to be done (for the \"3-month\" schedule)", "task": 509, "complete": false}, "model": "main.status", "pk": 3292}, {"fields": {"date": "2014-07-30T11:55:48.275Z", "text": "closed", "task": 509, "complete": true}, "model": "main.status", "pk": 3293}, {"fields": {"date": "2014-07-14T08:22:03.129Z", "text": "due to be done (for the \"3-month\" schedule)", "task": 509, "complete": false}, "model": "main.status", "pk": 3294}, {"fields": {"date": "2014-04-15T12:58:31.413Z", "text": "done on import", "task": 509, "complete": true}, "model": "main.status", "pk": 3295}, {"fields": {"date": "2015-01-22T08:19:27.809Z", "text": "closed", "task": 510, "complete": true}, "model": "main.status", "pk": 3296}, {"fields": {"date": "2015-01-12T07:13:15.927Z", "text": "due to be done (for the \"3-month\" schedule)", "task": 510, "complete": false}, "model": "main.status", "pk": 3297}, {"fields": {"date": "2014-10-22T07:32:09.030Z", "text": "closed", "task": 510, "complete": true}, "model": "main.status", "pk": 3298}, {"fields": {"date": "2014-10-13T08:54:56.702Z", "text": "due to be done (for the \"3-month\" schedule)", "task": 510, "complete": false}, "model": "main.status", "pk": 3299}, {"fields": {"date": "2014-07-30T11:56:07.657Z", "text": "closed", "task": 510, "complete": true}, "model": "main.status", "pk": 3300}, {"fields": {"date": "2014-07-14T08:22:03.129Z", "text": "due to be done (for the \"3-month\" schedule)", "task": 510, "complete": false}, "model": "main.status", "pk": 3301}, {"fields": {"date": "2014-04-28T10:10:35.420Z", "text": "complete", "task": 510, "complete": true}, "model": "main.status", "pk": 3302}, {"fields": {"date": "2015-01-22T08:33:23.735Z", "text": "closed", "task": 511, "complete": true}, "model": "main.status", "pk": 3303}, {"fields": {"date": "2015-01-09T09:55:36.770Z", "text": "due to be done (for the \"3-month\" schedule)", "task": 511, "complete": false}, "model": "main.status", "pk": 3304}, {"fields": {"date": "2014-10-17T10:09:25.526Z", "text": "closed", "task": 511, "complete": true}, "model": "main.status", "pk": 3305}, {"fields": {"date": "2014-10-13T08:54:56.702Z", "text": "due to be done (for the \"3-month\" schedule)", "task": 511, "complete": false}, "model": "main.status", "pk": 3306}, {"fields": {"date": "2014-08-21T10:35:39.190Z", "text": "closed", "task": 511, "complete": true}, "model": "main.status", "pk": 3307}, {"fields": {"date": "2014-07-14T08:22:03.130Z", "text": "due to be done (for the \"3-month\" schedule)", "task": 511, "complete": false}, "model": "main.status", "pk": 3308}, {"fields": {"date": "2014-04-30T11:09:30.402Z", "text": "closed", "task": 511, "complete": true}, "model": "main.status", "pk": 3309}, {"fields": {"date": "2015-04-23T11:38:49.510Z", "text": "due to be done (for the \"yearly\" schedule)", "task": 512, "complete": false}, "model": "main.status", "pk": 3310}, {"fields": {"date": "2014-05-19T07:11:21.800Z", "text": "closed", "task": 512, "complete": true}, "model": "main.status", "pk": 3311}, {"fields": {"date": "2015-04-17T07:10:00.689Z", "text": "due to be done (for the \"yearly\" schedule)", "task": 513, "complete": false}, "model": "main.status", "pk": 3312}, {"fields": {"date": "2014-04-15T12:58:31.413Z", "text": "done on import", "task": 513, "complete": true}, "model": "main.status", "pk": 3313}, {"fields": {"date": "2015-04-10T08:29:12.891Z", "text": "due to be done (for the \"yearly\" schedule)", "task": 514, "complete": false}, "model": "main.status", "pk": 3314}, {"fields": {"date": "2014-05-19T07:11:12.125Z", "text": "closed", "task": 514, "complete": true}, "model": "main.status", "pk": 3315}, {"fields": {"date": "2014-04-28T09:49:27.921Z", "text": "replaced the wheels", "task": 515, "complete": true}, "model": "main.status", "pk": 3316}, {"fields": {"date": "2014-04-22T10:30:04.333Z", "text": "shawn ordered new wheels for the carts", "task": 515, "complete": false}, "model": "main.status", "pk": 3317}, {"fields": {"date": "2014-04-21T16:08:02.325Z", "text": "looked at casters and determined they needed to be replaced.  Emailed Shawn a potential replacement", "task": 515, "complete": false}, "model": "main.status", "pk": 3318}, {"fields": {"date": "2014-04-29T11:16:18.347Z", "text": "closed", "task": 516, "complete": true}, "model": "main.status", "pk": 3319}, {"fields": {"date": "2014-04-29T11:16:13.593Z", "text": "done", "task": 516, "complete": false}, "model": "main.status", "pk": 3320}, {"fields": {"date": "2014-04-28T09:50:56.125Z", "text": "reply email said keys were supposed to come with narcotics 4-25-14, forwarded message to Rachel", "task": 516, "complete": false}, "model": "main.status", "pk": 3321}, {"fields": {"date": "2014-04-22T10:29:43.741Z", "text": "sent reply email.  waiting to hear back", "task": 516, "complete": false}, "model": "main.status", "pk": 3322}, {"fields": {"date": "2014-04-21T08:26:30.917Z", "text": "need to get number next to keyhole and send it in a reply email", "task": 516, "complete": false}, "model": "main.status", "pk": 3323}, {"fields": {"date": "2014-06-03T11:38:48.810Z", "text": "not in use for the season", "task": 517, "complete": true}, "model": "main.status", "pk": 3324}, {"fields": {"date": "2014-05-28T14:52:36.363Z", "text": "should be checked again", "task": 517, "complete": false}, "model": "main.status", "pk": 3325}, {"fields": {"date": "2014-05-05T07:07:57.398Z", "text": "bearing assembly was actually replaced", "task": 517, "complete": true}, "model": "main.status", "pk": 3326}, {"fields": {"date": "2014-04-21T15:49:05.215Z", "text": "Shawn said the bearing assembly was replaced, but it still has a 2013 date on it", "task": 517, "complete": false}, "model": "main.status", "pk": 3327}, {"fields": {"date": "2014-04-29T11:57:44.943Z", "text": "shawn is ordering new batteries for it", "task": 518, "complete": true}, "model": "main.status", "pk": 3328}, {"fields": {"date": "2014-05-15T14:27:27.757Z", "text": "closed", "task": 519, "complete": true}, "model": "main.status", "pk": 3329}, {"fields": {"date": "2015-03-05T08:12:20.149Z", "text": "closed", "task": 520, "complete": true}, "model": "main.status", "pk": 3330}, {"fields": {"date": "2014-10-30T07:54:35.298Z", "text": "hh to do", "task": 521, "complete": true}, "model": "main.status", "pk": 3331}, {"fields": {"date": "2014-04-28T09:52:38.056Z", "text": "shawn replaced last friday", "task": 522, "complete": true}, "model": "main.status", "pk": 3332}, {"fields": {"date": "2014-04-28T09:48:17.456Z", "text": "done", "task": 523, "complete": true}, "model": "main.status", "pk": 3333}, {"fields": {"date": "2014-04-29T12:01:24.207Z", "text": "replaced north entrance-way light yesterday", "task": 524, "complete": true}, "model": "main.status", "pk": 3334}, {"fields": {"date": "2014-07-14T10:54:47.209Z", "text": "vinyl is here", "task": 525, "complete": false}, "model": "main.status", "pk": 3335}, {"fields": {"date": "2014-06-23T07:21:53.421Z", "text": "waiting on vinyl for a while", "task": 525, "complete": false}, "model": "main.status", "pk": 3336}, {"fields": {"date": "2014-06-05T10:04:06.791Z", "text": "primed left wing, needs to be painted.  Shawn will get vinyl for the rest", "task": 525, "complete": false}, "model": "main.status", "pk": 3337}, {"fields": {"date": "2014-05-20T07:34:25.908Z", "text": "handed off to Del with issue of different users on pmuser", "task": 526, "complete": true}, "model": "main.status", "pk": 3338}, {"fields": {"date": "2014-05-01T07:20:30.505Z", "text": "contacted BESTech, who are waiting on Del for approval", "task": 526, "complete": false}, "model": "main.status", "pk": 3339}, {"fields": {"date": "2014-06-20T00:00:00Z", "text": "", "task": 527, "complete": true}, "model": "main.status", "pk": 3340}, {"fields": {"date": "2014-05-08T07:10:20.788Z", "text": "were able to take the flagpole out of the ground", "task": 528, "complete": true}, "model": "main.status", "pk": 3341}, {"fields": {"date": "2014-05-01T07:47:22.166Z", "text": "fell down last monday", "task": 528, "complete": false}, "model": "main.status", "pk": 3342}, {"fields": {"date": "2015-03-02T09:51:08.994Z", "text": "closed", "task": 529, "complete": true}, "model": "main.status", "pk": 3343}, {"fields": {"date": "2015-02-18T00:00:00Z", "text": "closed", "task": 529, "complete": true}, "model": "main.status", "pk": 3344}, {"fields": {"date": "2015-02-09T08:46:32.123Z", "text": "due to be done (for the \"monthly\" schedule)", "task": 529, "complete": false}, "model": "main.status", "pk": 3345}, {"fields": {"date": "2015-01-20T07:24:57.820Z", "text": "closed", "task": 529, "complete": true}, "model": "main.status", "pk": 3346}, {"fields": {"date": "2015-01-08T13:47:27.628Z", "text": "due to be done (for the \"monthly\" schedule)", "task": 529, "complete": false}, "model": "main.status", "pk": 3347}, {"fields": {"date": "2014-12-04T15:29:15.091Z", "text": "closed", "task": 529, "complete": true}, "model": "main.status", "pk": 3348}, {"fields": {"date": "2014-11-24T14:25:02.858Z", "text": "due to be done (for the \"monthly\" schedule)", "task": 529, "complete": false}, "model": "main.status", "pk": 3349}, {"fields": {"date": "2014-11-18T00:00:00Z", "text": "closed", "task": 529, "complete": true}, "model": "main.status", "pk": 3350}, {"fields": {"date": "2014-10-07T08:25:31.425Z", "text": "closed", "task": 529, "complete": true}, "model": "main.status", "pk": 3351}, {"fields": {"date": "2014-09-25T00:00:00Z", "text": "closed", "task": 529, "complete": true}, "model": "main.status", "pk": 3352}, {"fields": {"date": "2014-08-11T00:00:00Z", "text": "closed", "task": 529, "complete": true}, "model": "main.status", "pk": 3353}, {"fields": {"date": "2014-08-07T07:08:10.352Z", "text": "due to be done (for the \"monthly\" schedule)", "task": 529, "complete": false}, "model": "main.status", "pk": 3354}, {"fields": {"date": "2014-07-08T07:07:43.375Z", "text": "spotless again this month...", "task": 529, "complete": true}, "model": "main.status", "pk": 3355}, {"fields": {"date": "2014-07-07T08:09:59.012Z", "text": "due to be done (for the \"monthly\" schedule)", "task": 529, "complete": false}, "model": "main.status", "pk": 3356}, {"fields": {"date": "2014-06-12T12:33:24.418Z", "text": "closed", "task": 529, "complete": true}, "model": "main.status", "pk": 3357}, {"fields": {"date": "2014-06-09T07:19:00.207Z", "text": "due to be done (for the \"monthly\" schedule)", "task": 529, "complete": false}, "model": "main.status", "pk": 3358}, {"fields": {"date": "2014-05-19T07:19:55.350Z", "text": "filters were perfect.  I left them for another month", "task": 529, "complete": true}, "model": "main.status", "pk": 3359}, {"fields": {"date": "2014-05-07T07:10:34.070Z", "text": "due to be done (for the \"monthly\" schedule)", "task": 529, "complete": false}, "model": "main.status", "pk": 3360}, {"fields": {"date": "2014-04-09T00:00:00Z", "text": "Shawn cleaned them out", "task": 529, "complete": true}, "model": "main.status", "pk": 3361}, {"fields": {"date": "2014-12-04T08:09:01.522Z", "text": "closed", "task": 530, "complete": true}, "model": "main.status", "pk": 3362}, {"fields": {"date": "2014-06-10T07:03:55.470Z", "text": "started yesterday", "task": 530, "complete": false}, "model": "main.status", "pk": 3363}, {"fields": {"date": "2014-05-20T07:19:08.508Z", "text": "closed", "task": 531, "complete": true}, "model": "main.status", "pk": 3364}, {"fields": {"date": "2014-05-26T09:24:02.351Z", "text": "closed", "task": 532, "complete": true}, "model": "main.status", "pk": 3365}, {"fields": {"date": "2014-06-02T08:01:26.716Z", "text": "closed", "task": 533, "complete": true}, "model": "main.status", "pk": 3366}, {"fields": {"date": "2015-03-09T15:05:41.525Z", "text": "due to be done (for the \"monthly\" schedule)", "task": 534, "complete": false}, "model": "main.status", "pk": 3367}, {"fields": {"date": "2015-02-23T07:52:57.183Z", "text": "closed", "task": 534, "complete": true}, "model": "main.status", "pk": 3368}, {"fields": {"date": "2015-02-09T08:48:18.285Z", "text": "due to be done (for the \"monthly\" schedule)", "task": 534, "complete": false}, "model": "main.status", "pk": 3369}, {"fields": {"date": "2015-01-30T00:00:00Z", "text": "closed", "task": 534, "complete": true}, "model": "main.status", "pk": 3370}, {"fields": {"date": "2015-01-08T13:47:27.628Z", "text": "due to be done (for the \"monthly\" schedule)", "task": 534, "complete": false}, "model": "main.status", "pk": 3371}, {"fields": {"date": "2014-12-10T07:17:27.413Z", "text": "closed", "task": 534, "complete": true}, "model": "main.status", "pk": 3372}, {"fields": {"date": "2014-11-20T00:00:00Z", "text": "closed", "task": 534, "complete": true}, "model": "main.status", "pk": 3373}, {"fields": {"date": "2014-10-22T00:00:00Z", "text": "closed", "task": 534, "complete": true}, "model": "main.status", "pk": 3374}, {"fields": {"date": "2014-09-18T00:00:00Z", "text": "closed", "task": 534, "complete": true}, "model": "main.status", "pk": 3375}, {"fields": {"date": "2014-08-05T07:53:51.239Z", "text": "due to be done (for the \"3-month\" schedule)", "task": 534, "complete": false}, "model": "main.status", "pk": 3376}, {"fields": {"date": "2014-07-15T00:00:00Z", "text": "closed", "task": 534, "complete": true}, "model": "main.status", "pk": 3377}, {"fields": {"date": "2014-06-02T14:21:41.707Z", "text": "closed", "task": 534, "complete": true}, "model": "main.status", "pk": 3378}, {"fields": {"date": "2015-02-09T08:49:14.026Z", "text": "closed", "task": 535, "complete": true}, "model": "main.status", "pk": 3379}, {"fields": {"date": "2015-02-02T10:03:09.898Z", "text": "due to be done (for the \"3-month\" schedule)", "task": 535, "complete": false}, "model": "main.status", "pk": 3380}, {"fields": {"date": "2014-11-26T11:24:33.640Z", "text": "closed", "task": 535, "complete": true}, "model": "main.status", "pk": 3381}, {"fields": {"date": "2014-11-03T07:48:43.607Z", "text": "due to be done (for the \"3-month\" schedule)", "task": 535, "complete": false}, "model": "main.status", "pk": 3382}, {"fields": {"date": "2014-08-21T10:35:39.190Z", "text": "closed", "task": 535, "complete": true}, "model": "main.status", "pk": 3383}, {"fields": {"date": "2014-08-01T08:04:56.874Z", "text": "due to be done (for the \"3-month\" schedule)", "task": 535, "complete": false}, "model": "main.status", "pk": 3384}, {"fields": {"date": "2014-06-02T14:21:34.412Z", "text": "closed", "task": 535, "complete": true}, "model": "main.status", "pk": 3385}, {"fields": {"date": "2015-03-19T09:27:14.611Z", "text": "should be checked in april", "task": 536, "complete": false}, "model": "main.status", "pk": 3386}, {"fields": {"date": "2015-03-07T00:00:00Z", "text": "closed", "task": 536, "complete": true}, "model": "main.status", "pk": 3387}, {"fields": {"date": "2015-02-24T08:08:31.958Z", "text": "changed h.h. air filters", "task": 536, "complete": false}, "model": "main.status", "pk": 3388}, {"fields": {"date": "2015-02-09T08:46:32.123Z", "text": "due to be done (for the \"3-month\" schedule)", "task": 536, "complete": false}, "model": "main.status", "pk": 3389}, {"fields": {"date": "2015-01-20T07:11:30.054Z", "text": "got the heather haus air filters replaced", "task": 536, "complete": true}, "model": "main.status", "pk": 3390}, {"fields": {"date": "2014-12-04T15:29:48.210Z", "text": "all done but hh, which we don't have filters for (16x20x2)", "task": 536, "complete": false}, "model": "main.status", "pk": 3391}, {"fields": {"date": "2014-11-24T14:25:02.858Z", "text": "due to be done (for the \"3-month\" schedule)", "task": 536, "complete": false}, "model": "main.status", "pk": 3392}, {"fields": {"date": "2014-11-13T00:00:00Z", "text": "closed", "task": 536, "complete": true}, "model": "main.status", "pk": 3393}, {"fields": {"date": "2014-08-21T10:58:41.483Z", "text": "good for another 3 months", "task": 536, "complete": true}, "model": "main.status", "pk": 3394}, {"fields": {"date": "2014-08-05T07:53:51.239Z", "text": "due to be done (for the \"3-month\" schedule)", "task": 536, "complete": false}, "model": "main.status", "pk": 3395}, {"fields": {"date": "2014-07-14T08:25:12.716Z", "text": "bma and cw skipped", "task": 536, "complete": true}, "model": "main.status", "pk": 3396}, {"fields": {"date": "2015-03-03T00:00:00Z", "text": "completed, but housekeepers will do it from now on", "task": 537, "complete": true}, "model": "main.status", "pk": 3397}, {"fields": {"date": "2015-03-02T09:50:21.427Z", "text": "due to be done (for the \"3-month\" schedule)", "task": 537, "complete": false}, "model": "main.status", "pk": 3398}, {"fields": {"date": "2015-01-09T13:42:52.327Z", "text": "closed", "task": 537, "complete": true}, "model": "main.status", "pk": 3399}, {"fields": {"date": "2014-12-02T07:30:18.689Z", "text": "due to be done (for the \"3-month\" schedule)", "task": 537, "complete": false}, "model": "main.status", "pk": 3400}, {"fields": {"date": "2014-09-18T07:15:04.394Z", "text": "closed", "task": 537, "complete": true}, "model": "main.status", "pk": 3401}, {"fields": {"date": "2014-09-02T07:32:30.970Z", "text": "due to be done (for the \"3-month\" schedule)", "task": 537, "complete": false}, "model": "main.status", "pk": 3402}, {"fields": {"date": "2014-06-02T14:21:54.865Z", "text": "closed", "task": 537, "complete": true}, "model": "main.status", "pk": 3403}, {"fields": {"date": "2014-07-25T07:47:49.834Z", "text": "closed", "task": 538, "complete": true}, "model": "main.status", "pk": 3404}, {"fields": {"date": "2014-07-14T08:22:03.130Z", "text": "due to be done (for the \"bi-annually\" schedule)", "task": 538, "complete": false}, "model": "main.status", "pk": 3405}, {"fields": {"date": "2014-06-02T08:01:26.716Z", "text": "imported but done", "task": 538, "complete": true}, "model": "main.status", "pk": 3406}, {"fields": {"date": "2014-06-05T10:03:16.185Z", "text": "painted other two rooms", "task": 539, "complete": true}, "model": "main.status", "pk": 3407}, {"fields": {"date": "2014-06-03T11:35:56.226Z", "text": "painted 19", "task": 539, "complete": false}, "model": "main.status", "pk": 3408}, {"fields": {"date": "2014-06-12T10:16:01.197Z", "text": "closed", "task": 540, "complete": true}, "model": "main.status", "pk": 3409}, {"fields": {"date": "2014-10-17T10:10:41.879Z", "text": "doors left W1, E1, 5, 6(front), 8(bdr), 9(2), 10(nbdr), 11(sbdr)", "task": 542, "complete": false}, "model": "main.status", "pk": 3410}, {"fields": {"date": "2014-08-20T12:14:40.382Z", "text": "should be run through wall...but there's carpet", "task": 543, "complete": false}, "model": "main.status", "pk": 3411}, {"fields": {"date": "2014-08-01T08:04:56.874Z", "text": "needs putty around the tubing and hole in wall.", "task": 543, "complete": false}, "model": "main.status", "pk": 3412}, {"fields": {"date": "2014-10-06T07:53:16.299Z", "text": "closed", "task": 544, "complete": true}, "model": "main.status", "pk": 3413}, {"fields": {"date": "2014-07-03T00:00:00Z", "text": "did all shrubs", "task": 545, "complete": true}, "model": "main.status", "pk": 3414}, {"fields": {"date": "2014-07-01T00:00:00Z", "text": "Matayas to do", "task": 546, "complete": true}, "model": "main.status", "pk": 3415}, {"fields": {"date": "2014-08-20T12:14:59.130Z", "text": "closed", "task": 547, "complete": true}, "model": "main.status", "pk": 3416}, {"fields": {"date": "2014-07-16T07:29:30.242Z", "text": "closed", "task": 548, "complete": true}, "model": "main.status", "pk": 3417}, {"fields": {"date": "2014-07-30T07:21:22.181Z", "text": "has been done for a while.. replaced another one too", "task": 549, "complete": true}, "model": "main.status", "pk": 3418}, {"fields": {"date": "2014-07-22T08:06:31.584Z", "text": "rm 11 needs one", "task": 549, "complete": false}, "model": "main.status", "pk": 3419}, {"fields": {"date": "2014-10-03T08:18:17.464Z", "text": "dusted the rest", "task": 550, "complete": true}, "model": "main.status", "pk": 3420}, {"fields": {"date": "2014-10-03T08:17:49.761Z", "text": "dusted tops of cabinets", "task": 550, "complete": false}, "model": "main.status", "pk": 3421}, {"fields": {"date": "2015-01-30T15:12:52.787Z", "text": "closed", "task": 551, "complete": true}, "model": "main.status", "pk": 3422}, {"fields": {"date": "2015-01-28T14:47:55.826Z", "text": "due to be done (for the \"3-month\" schedule)", "task": 551, "complete": false}, "model": "main.status", "pk": 3423}, {"fields": {"date": "2014-10-30T00:00:00Z", "text": "done", "task": 551, "complete": true}, "model": "main.status", "pk": 3424}, {"fields": {"date": "2015-04-23T11:38:49.510Z", "text": "due to be done (for the \"3-month\" schedule)", "task": 552, "complete": false}, "model": "main.status", "pk": 3425}, {"fields": {"date": "2015-01-21T00:00:00Z", "text": "done on creation", "task": 552, "complete": true}, "model": "main.status", "pk": 3426}, {"fields": {"date": "2015-04-01T08:15:42.003Z", "text": "due to be done (for the \"bi-annually\" schedule)", "task": 555, "complete": false}, "model": "main.status", "pk": 3427}, {"fields": {"date": "2014-10-15T00:00:00Z", "text": "closed", "task": 555, "complete": true}, "model": "main.status", "pk": 3428}, {"fields": {"codename": "add_logentry", "name": "Can add log entry", "content_type": 71}, "model": "auth.permission", "pk": 211}, {"fields": {"codename": "change_logentry", "name": "Can change log entry", "content_type": 71}, "model": "auth.permission", "pk": 212}, {"fields": {"codename": "delete_logentry", "name": "Can delete log entry", "content_type": 71}, "model": "auth.permission", "pk": 213}, {"fields": {"codename": "add_permission", "name": "Can add permission", "content_type": 72}, "model": "auth.permission", "pk": 214}, {"fields": {"codename": "change_permission", "name": "Can change permission", "content_type": 72}, "model": "auth.permission", "pk": 215}, {"fields": {"codename": "delete_permission", "name": "Can delete permission", "content_type": 72}, "model": "auth.permission", "pk": 216}, {"fields": {"codename": "add_group", "name": "Can add group", "content_type": 73}, "model": "auth.permission", "pk": 217}, {"fields": {"codename": "change_group", "name": "Can change group", "content_type": 73}, "model": "auth.permission", "pk": 218}, {"fields": {"codename": "delete_group", "name": "Can delete group", "content_type": 73}, "model": "auth.permission", "pk": 219}, {"fields": {"codename": "add_user", "name": "Can add user", "content_type": 74}, "model": "auth.permission", "pk": 220}, {"fields": {"codename": "change_user", "name": "Can change user", "content_type": 74}, "model": "auth.permission", "pk": 221}, {"fields": {"codename": "delete_user", "name": "Can delete user", "content_type": 74}, "model": "auth.permission", "pk": 222}, {"fields": {"codename": "add_contenttype", "name": "Can add content type", "content_type": 75}, "model": "auth.permission", "pk": 223}, {"fields": {"codename": "change_contenttype", "name": "Can change content type", "content_type": 75}, "model": "auth.permission", "pk": 224}, {"fields": {"codename": "delete_contenttype", "name": "Can delete content type", "content_type": 75}, "model": "auth.permission", "pk": 225}, {"fields": {"codename": "add_session", "name": "Can add session", "content_type": 76}, "model": "auth.permission", "pk": 226}, {"fields": {"codename": "change_session", "name": "Can change session", "content_type": 76}, "model": "auth.permission", "pk": 227}, {"fields": {"codename": "delete_session", "name": "Can delete session", "content_type": 76}, "model": "auth.permission", "pk": 228}, {"fields": {"codename": "add_repeat", "name": "Can add repeat", "content_type": 77}, "model": "auth.permission", "pk": 229}, {"fields": {"codename": "change_repeat", "name": "Can change repeat", "content_type": 77}, "model": "auth.permission", "pk": 230}, {"fields": {"codename": "delete_repeat", "name": "Can delete repeat", "content_type": 77}, "model": "auth.permission", "pk": 231}, {"fields": {"codename": "add_schedule", "name": "Can add schedule", "content_type": 78}, "model": "auth.permission", "pk": 232}, {"fields": {"codename": "change_schedule", "name": "Can change schedule", "content_type": 78}, "model": "auth.permission", "pk": 233}, {"fields": {"codename": "delete_schedule", "name": "Can delete schedule", "content_type": 78}, "model": "auth.permission", "pk": 234}, {"fields": {"codename": "add_task", "name": "Can add task", "content_type": 79}, "model": "auth.permission", "pk": 235}, {"fields": {"codename": "change_task", "name": "Can change task", "content_type": 79}, "model": "auth.permission", "pk": 236}, {"fields": {"codename": "delete_task", "name": "Can delete task", "content_type": 79}, "model": "auth.permission", "pk": 237}, {"fields": {"codename": "add_status", "name": "Can add status", "content_type": 80}, "model": "auth.permission", "pk": 238}, {"fields": {"codename": "change_status", "name": "Can change status", "content_type": 80}, "model": "auth.permission", "pk": 239}, {"fields": {"codename": "delete_status", "name": "Can delete status", "content_type": 80}, "model": "auth.permission", "pk": 240}, {"fields": {"username": "snydergd", "first_name": "", "last_name": "", "is_active": true, "is_superuser": true, "is_staff": true, "last_login": "2015-04-23T16:54:09.788Z", "groups": [], "user_permissions": [], "password": "pbkdf2_sha256$20000$lEPdcVKyoIl7$z/puqny6h12tJVtwgKrqnHq2917w9PPhTz/VkAu85Wc=", "email": "snydergd91@gmail.com", "date_joined": "2015-04-23T16:54:00.018Z"}, "model": "auth.user", "pk": 5}]